1666362609579752448,-0.05946,-0.45761,0.96247,-0.21066,0.97692,0.01087,0.03369,0.01400,-0.04188,0.05781,
1666362609770572800,-0.08277,-0.47083,0.99325,-0.21295,0.97604,0.01212,0.04312,-0.03542,-0.22013,0.48741,
1666362609975494656,-0.03140,-0.50892,1.01064,-0.22727,0.97370,0.00510,0.01489,-0.01625,-0.22373,0.46411,
1666362610161514496,-0.02367,-0.53540,1.09653,-0.22092,0.97525,0.00298,0.00785,-0.00916,-0.21155,0.45851,
1666362610352034816,-0.02800,-0.56572,1.18836,-0.21554,0.97645,0.00298,0.00843,-0.01014,-0.20206,0.45832,
1666362610545855488,-0.03052,-0.60002,1.27405,-0.21201,0.97722,0.00306,0.00921,-0.01027,-0.20300,0.45672,
1666362610737575936,-0.03734,-0.63883,1.36734,-0.21121,0.97737,0.00328,0.01125,-0.01633,-0.19704,0.46305,
1666362610914594816,-0.03519,-0.68726,1.44701,-0.21749,0.97602,0.00278,0.00888,-0.01741,-0.19864,0.46510,
1666362611101214720,-0.04504,-0.72515,1.53120,-0.21804,0.97586,0.00333,0.01216,-0.02080,-0.16686,0.40685,
1666362611282434048,-0.03591,-0.75318,1.56714,-0.22080,0.97527,0.00284,0.00921,-0.00250,0.00809,0.00298,
1666362611472654336,-0.05934,-0.72244,1.58415,-0.19985,0.97972,0.00867,0.01166,0.01887,0.01625,0.00023,
1666362611660174336,-0.06075,-0.71795,1.57790,-0.20027,0.97955,0.01044,0.01642,0.06778,0.02005,0.00288,
1666362611835993088,-0.03332,-0.72484,1.56210,-0.20609,0.97836,0.01008,0.01563,0.12423,0.02502,-0.00884,
1666362612038514688,0.00029,-0.71736,1.56454,-0.20383,0.97880,0.00919,0.01764,0.17744,0.02791,-0.00548,
1666362612222134272,0.03952,-0.71499,1.56297,-0.20315,0.97890,0.00880,0.02043,0.21796,0.02520,-0.00174,
1666362612409354240,0.03144,-0.66218,1.55748,-0.17110,0.98507,0.00672,0.01796,0.22646,-0.02778,0.08924,
1666362612596874240,0.12931,-0.71462,1.57206,-0.20345,0.97874,0.00836,0.02449,0.26075,0.01679,0.00689,
1666362612789194752,0.18689,-0.71484,1.57134,-0.20232,0.97898,0.00796,0.02447,0.28590,0.01029,0.01198,
1666362612980615168,0.24593,-0.71348,1.57060,-0.20394,0.97862,0.00779,0.02548,0.30241,0.01029,0.01223,
1666362613167835136,0.30708,-0.71241,1.57175,-0.20400,0.97860,0.00761,0.02601,0.31873,0.01140,0.01129,
1666362613362255872,0.36945,-0.70859,1.57301,-0.20254,0.97883,0.00772,0.02853,0.32571,0.01258,0.00742,
1666362613561477120,0.43249,-0.70717,1.57514,-0.20207,0.97890,0.00763,0.02948,0.32890,0.00765,0.01206,
1666362613760398336,0.49835,-0.70518,1.57926,-0.20107,0.97909,0.00782,0.03000,0.33935,0.00514,0.01686,
1666362613958419456,0.56662,-0.70562,1.57912,-0.20147,0.97899,0.00761,0.03059,0.34358,0.00423,0.01643,
1666362614157640704,0.63542,-0.70232,1.57762,-0.20148,0.97899,0.00743,0.03059,0.34315,0.01151,0.01288,
1666362614347560960,0.69849,-0.70246,1.58274,-0.20017,0.97923,0.00756,0.03133,0.34273,0.00585,0.01696,
1666362614546482176,0.76212,-0.70008,1.58725,-0.19912,0.97942,0.00764,0.03203,0.34134,0.00859,0.02493,
1666362614743003136,0.82790,-0.69918,1.58936,-0.19965,0.97932,0.00759,0.03196,0.33945,0.01260,0.02250,
1666362614940724224,0.89431,-0.69727,1.59344,-0.19953,0.97934,0.00749,0.03207,0.33808,0.01154,0.02470,
1666362615133644800,0.95445,-0.69622,1.60170,-0.19815,0.97960,0.00794,0.03263,0.33411,0.01486,0.03183,
1666362615330765824,1.01840,-0.69120,1.61109,-0.19790,0.97965,0.00758,0.03256,0.33533,0.01659,0.03559,
1666362615528186880,1.08595,-0.69048,1.61485,-0.19791,0.97967,0.00751,0.03193,0.33428,0.01414,0.03319,
1666362615730708480,1.15237,-0.68793,1.61711,-0.19848,0.97956,0.00748,0.03170,0.32574,0.01429,0.03009,
1666362615938030592,1.21547,-0.68608,1.62622,-0.19734,0.97979,0.00759,0.03183,0.31840,0.00772,0.03562,
1666362616133951488,1.28381,-0.68862,1.62340,-0.19902,0.97947,0.00750,0.03119,0.32381,0.00597,0.02645,
1666362616331672576,1.33882,-0.68150,1.64629,-0.19496,0.98025,0.00762,0.03230,0.31475,0.01226,0.04696,
1666362616523393024,1.41685,-0.69211,1.62902,-0.19978,0.97932,0.00758,0.03102,0.32889,-0.00292,0.02597,
1666362616712113152,1.48155,-0.69384,1.62922,-0.20039,0.97920,0.00762,0.03079,0.32993,-0.00398,0.02594,
1666362616911034368,1.54917,-0.69262,1.63467,-0.20014,0.97927,0.00766,0.03025,0.33203,-0.00220,0.02590,
1666362617100654592,1.61025,-0.68857,1.63957,-0.20017,0.97927,0.00750,0.03008,0.33054,0.00699,0.02690,
1666362617292975104,1.66761,-0.68396,1.65123,-0.19880,0.97954,0.00761,0.03030,0.31951,0.01368,0.04146,
1666362617484395520,1.73887,-0.69201,1.65031,-0.20069,0.97916,0.00753,0.03004,0.32013,-0.01866,0.08577,
1666362617671615488,1.80323,-0.69111,1.65127,-0.20110,0.97908,0.00745,0.02996,0.32148,-0.03565,0.11100,
1666362617844433920,1.85917,-0.69383,1.66214,-0.20109,0.97909,0.00750,0.02998,0.32635,-0.00918,0.04789,
1666362618050555904,1.92834,-0.69565,1.67425,-0.20094,0.97912,0.00749,0.02996,0.32290,0.00887,0.01600,
1666362618237175808,1.99061,-0.69864,1.68652,-0.20101,0.97910,0.00747,0.02999,0.32377,0.00298,0.02669,
1666362618431596544,2.05611,-0.69931,1.68797,-0.20098,0.97910,0.00743,0.03015,0.32393,0.00875,0.00841,
1666362618622416896,2.09297,-0.74079,1.74274,-0.19770,0.97974,0.00857,0.03080,0.31533,-0.03501,0.06436,
1666362618807536640,2.18417,-0.69974,1.69924,-0.20059,0.97917,0.00746,0.03062,0.32714,0.00394,0.01386,
1666362618992656384,2.24497,-0.70052,1.70420,-0.20075,0.97913,0.00743,0.03075,0.32265,-0.00519,0.03361,
1666362619181676544,2.30449,-0.70053,1.70770,-0.20075,0.97913,0.00740,0.03083,0.31838,0.00966,0.00999,
1666362619376697344,2.36554,-0.69871,1.71118,-0.20067,0.97913,0.00734,0.03121,0.31160,0.00940,0.01060,
1666362619571418112,2.42987,-0.71707,1.72561,-0.20008,0.97925,0.00783,0.03133,0.31427,-0.00642,0.02388,
1666362619761938432,2.48993,-0.69707,1.72175,-0.20033,0.97919,0.00733,0.03164,0.30998,-0.00393,0.06015,
1666362619965960192,2.55170,-0.69656,1.72311,-0.20047,0.97915,0.00726,0.03191,0.30733,0.01227,0.02364,
1666362620160380928,2.44922,-0.74093,1.87722,-0.18191,0.98260,0.00867,0.03652,0.23553,-0.06441,0.18418,
1666362620350901248,2.66426,-0.70167,1.75121,-0.20095,0.97902,0.00732,0.03284,0.28951,-0.00989,0.06123,
1666362620536921088,2.71764,-0.70371,1.75749,-0.20104,0.97900,0.00738,0.03300,0.28255,-0.00252,0.04417,
1666362620726841344,2.76925,-0.70356,1.76198,-0.20140,0.97891,0.00731,0.03340,0.27268,-0.00251,0.04172,
1666362620930563072,2.82198,-0.71574,1.77476,-0.19983,0.97925,0.00743,0.03306,0.26463,-0.02400,0.07176,
1666362621122583552,2.87108,-0.70364,1.77773,-0.20016,0.97918,0.00705,0.03318,0.25203,-0.00256,0.05099,
1666362621302602752,2.90911,-0.70200,1.77470,-0.20024,0.97916,0.00702,0.03311,0.23023,0.00325,0.04238,
1666362621487422464,2.94459,-0.69847,1.77346,-0.20016,0.97918,0.00686,0.03319,0.20673,0.00903,0.04039,
1666362621676142592,2.89379,-0.67174,1.85388,-0.19557,0.97995,0.00748,0.03732,0.14866,0.04452,0.11084,
1666362621878664192,3.00126,-0.70013,1.79260,-0.19935,0.97933,0.00676,0.03350,0.16526,0.00649,0.04682,
1666362622073985024,3.02996,-0.70043,1.79239,-0.19999,0.97920,0.00662,0.03368,0.14829,0.01316,0.02287,
1666362622264805376,3.04153,-0.69822,1.78795,-0.20007,0.97921,0.00666,0.03289,0.11368,0.01641,0.01464,
1666362622459526144,3.04776,-0.69279,1.78182,-0.19989,0.97928,0.00668,0.03187,0.08162,0.02039,0.00281,
1666362622652746752,3.05644,-0.69185,1.77567,-0.20013,0.97925,0.00690,0.03102,0.06114,0.02265,0.00067,
1666362622842667008,3.06474,-0.69283,1.77656,-0.20015,0.97927,0.00698,0.03041,0.04485,0.01915,0.01212,
1666362623040388096,3.06958,-0.69013,1.77176,-0.20034,0.97925,0.00708,0.02982,0.03064,0.02592,-0.00421,
1666362623233008640,3.07419,-0.69011,1.76935,-0.20008,0.97931,0.00716,0.02937,0.02414,0.02847,-0.00469,
1666362623430129664,3.07424,-0.70606,1.77947,-0.20007,0.97930,0.00777,0.02957,0.02724,0.00673,0.00058,
1666362623613449216,3.07899,-0.68722,1.76917,-0.20041,0.97923,0.00740,0.02974,0.01403,0.02580,-0.00112,
1666362623816870912,3.08253,-0.68581,1.76188,-0.20021,0.97931,0.00741,0.02851,0.01494,0.03511,-0.01839,
1666362623996290048,3.08361,-0.68436,1.75793,-0.20021,0.97931,0.00746,0.02850,0.00946,0.03142,-0.01973,
1666362624175709184,3.08423,-0.68368,1.75561,-0.20032,0.97928,0.00747,0.02881,0.00393,0.02545,-0.01708,
1666362624363529216,3.08421,-0.68433,1.75546,-0.21161,0.97690,0.00781,0.02868,-0.00154,0.01146,-0.01813,
1666362624542948352,3.08366,-0.69450,1.75702,-0.21725,0.97567,0.00818,0.02825,-0.00101,-0.04805,-0.00707,
1666362624721167360,3.08026,-0.68615,1.78045,-0.21563,0.97604,0.00807,0.02800,0.01399,-0.05458,0.01823,
1666362624913187840,3.07452,-0.73906,1.73940,-0.21415,0.97637,0.00828,0.02782,-0.00941,-0.17106,-0.02179,
1666362625102208000,3.07225,-0.77817,1.72820,-0.21022,0.97722,0.00807,0.02784,-0.01404,-0.21805,-0.03329,
1666362625275626496,3.07101,-0.82049,1.71053,-0.20795,0.97771,0.00797,0.02769,-0.00875,-0.25045,-0.04631,
1666362625457745920,3.06838,-0.87199,1.68835,-0.20468,0.97841,0.00782,0.02739,-0.01052,-0.27552,-0.05830,
1666362625638065152,3.07084,-0.92341,1.65469,-0.19644,0.98003,0.00789,0.02977,-0.00080,-0.29353,-0.09648,
1666362625831885824,3.06032,-0.98582,1.64269,-0.19983,0.97940,0.00785,0.02796,-0.01496,-0.31736,-0.09223,
1666362626035607552,3.05722,-1.05631,1.61794,-0.19855,0.97964,0.00796,0.02855,-0.01534,-0.33684,-0.10349,
1666362626231528448,3.04438,-1.13257,1.57680,-0.19706,0.98001,0.00770,0.02609,-0.02895,-0.34907,-0.12116,
1666362626416648192,3.05001,-1.19624,1.55147,-0.19582,0.98023,0.00774,0.02737,-0.01394,-0.35489,-0.12962,
1666362626613469184,3.04696,-1.26646,1.51898,-0.19693,0.98001,0.00780,0.02727,-0.01256,-0.36382,-0.13560,
1666362626803689472,3.04831,-1.34467,1.47754,-0.19234,0.98090,0.00785,0.02788,-0.01095,-0.36838,-0.16047,
1666362627003510784,3.04700,-1.42588,1.45135,-0.19497,0.98037,0.00826,0.02814,-0.01089,-0.37781,-0.16200,
1666362627188930560,3.04725,-1.49945,1.41955,-0.19515,0.98033,0.00840,0.02829,-0.01071,-0.38538,-0.16900,
1666362627389051904,3.03908,-1.58438,1.37134,-0.19483,0.98036,0.00865,0.02916,-0.02367,-0.39091,-0.18050,
1666362627583772672,3.04948,-1.66454,1.33451,-0.19448,0.98042,0.00878,0.02950,-0.00603,-0.39979,-0.18715,
1666362627778193408,3.05527,-1.74401,1.30254,-0.19481,0.98038,0.00876,0.02880,0.00364,-0.41150,-0.18553,
1666362627988515840,3.06706,-1.82542,1.25373,-0.19551,0.98022,0.00905,0.02923,0.01125,-0.40361,-0.19509,
1666362628183536640,3.06448,-1.90022,1.22981,-0.19492,0.98035,0.00910,0.02897,0.00899,-0.40002,-0.18889,
1666362628393259008,3.06682,-1.97628,1.19692,-0.19472,0.98039,0.00915,0.02902,0.01285,-0.39505,-0.18797,
1666362628616482816,3.07215,-2.06173,1.16620,-0.19497,0.98034,0.00931,0.02899,0.01756,-0.40096,-0.18171,
1666362628808503296,3.07051,-2.14021,1.13897,-0.19439,0.98047,0.00939,0.02827,0.01162,-0.39730,-0.18239,
1666362628999323648,3.07011,-2.20806,1.10644,-0.19512,0.98030,0.00971,0.02918,0.01002,-0.39160,-0.18179,
1666362629185643520,3.07415,-2.28153,1.06507,-0.19574,0.98020,0.00972,0.02833,0.01177,-0.38662,-0.19415,
1666362629369563136,3.06383,-2.35068,1.04591,-0.19615,0.98010,0.01006,0.02867,0.00230,-0.38663,-0.17555,
1666362629556483072,3.05988,-2.41692,1.03085,-0.19452,0.98045,0.00987,0.02783,0.00379,-0.38201,-0.17081,
1666362629746403328,3.07970,-2.49117,0.98497,-0.19394,0.98054,0.01012,0.02878,0.02182,-0.37971,-0.18811,
1666362629945024512,3.05732,-2.56896,0.97434,-0.19513,0.98029,0.01059,0.02892,0.00003,-0.39840,-0.12870,
1666362630134344704,3.05313,-2.64143,0.96158,-0.19379,0.98058,0.01061,0.02832,-0.00866,-0.41596,-0.06661,
1666362630329365504,3.05490,-2.71785,0.93197,-0.19301,0.98073,0.01081,0.02841,-0.00670,-0.41070,-0.08027,
1666362630524386304,3.05080,-2.79200,0.93305,-0.19141,0.98104,0.01081,0.02828,-0.00158,-0.37069,-0.16000,
1666362630724807680,3.04956,-2.86677,0.90429,-0.19098,0.98112,0.01095,0.02829,-0.00580,-0.36931,-0.16157,
1666362630915628032,3.06909,-2.92948,0.84585,-0.19297,0.98075,0.01072,0.02777,0.01126,-0.38419,-0.13881,
1666362631111848960,3.04686,-3.00781,0.85843,-0.19007,0.98134,0.01075,0.02696,-0.00354,-0.36528,-0.14457,
1666362631307169792,3.05010,-3.08008,0.83787,-0.18830,0.98166,0.01089,0.02758,0.00451,-0.36036,-0.14687,
1666362631501890560,3.05550,-3.13557,0.78551,-0.19193,0.98090,0.01115,0.02948,0.00656,-0.35440,-0.17225,
1666362631703512064,3.04239,-3.20722,0.75576,-0.19249,0.98081,0.01111,0.02880,-0.00544,-0.34863,-0.16985,
1666362631899132928,3.03738,-3.27149,0.72985,-0.19215,0.98088,0.01111,0.02887,-0.01039,-0.36078,-0.11163,
1666362632079752192,3.06019,-3.31593,0.68326,-0.19418,0.98042,0.01141,0.03063,0.00923,-0.31695,-0.19530,
1666362632261871616,3.05743,-3.35331,0.60279,-0.21393,0.97622,0.01268,0.03262,0.01116,-0.30412,-0.17616,
1666362632464093184,3.06484,-3.41402,0.54875,-0.21867,0.97522,0.01257,0.03123,0.01630,-0.29287,-0.17582,
1666362632659414016,3.07534,-3.48044,0.52120,-0.21886,0.97517,0.01275,0.03118,0.02223,-0.29474,-0.13311,
1666362632855034880,3.07398,-3.52977,0.49344,-0.21886,0.97516,0.01273,0.03158,0.01658,-0.26324,-0.15133,
1666362633039854592,3.07297,-3.57382,0.46390,-0.21839,0.97525,0.01294,0.03210,0.01415,-0.23996,-0.14778,
1666362633227674624,3.09487,-3.61608,0.42986,-0.21528,0.97593,0.01286,0.03241,0.03012,-0.21202,-0.16662,
1666362633411294208,3.08433,-3.65831,0.41727,-0.21854,0.97521,0.01316,0.03200,0.02109,-0.20607,-0.14149,
1666362633586512896,3.08131,-3.68753,0.40631,-0.21882,0.97514,0.01336,0.03242,0.01083,-0.18917,-0.11049,
1666362633765031936,3.07970,-3.71098,0.39208,-0.21927,0.97502,0.01360,0.03276,0.00593,-0.14898,-0.11785,
1666362633945651200,3.07948,-3.72870,0.38088,-0.22099,0.97461,0.01387,0.03318,0.00133,-0.11467,-0.10920,
1666362634137071616,3.08138,-3.74172,0.36946,-0.22333,0.97407,0.01405,0.03335,0.00351,-0.09058,-0.09676,
1666362634311690240,3.08221,-3.74965,0.36139,-0.22517,0.97364,0.01420,0.03357,0.00342,-0.07146,-0.08817,
1666362634486608896,3.08235,-3.75698,0.35259,-0.22590,0.97345,0.01435,0.03392,0.00465,-0.05571,-0.07803,
1666362634669928448,3.08265,-3.76173,0.35285,-0.22680,0.97324,0.01442,0.03410,0.00221,-0.05413,-0.02992,
1666362634840346624,3.09881,-3.77189,0.34998,-0.22840,0.97290,0.01438,0.03309,0.02039,-0.03495,-0.05725,
1666362635015565312,3.09634,-3.76915,0.34965,-0.23029,0.97240,0.01485,0.03445,0.01060,-0.01977,-0.04151,
1666362635200084992,3.09652,-3.76534,0.34812,-0.23014,0.97241,0.01495,0.03494,0.01120,-0.01043,-0.02980,
1666362635380104192,3.09609,-3.76290,0.34660,-0.22995,0.97244,0.01500,0.03541,0.00959,0.00209,-0.02091,
1666362635564023808,3.09527,-3.76703,0.34254,-0.23199,0.97149,0.01223,0.04730,-0.01540,0.00286,-0.00831,
1666362635744043008,3.08929,-3.77027,0.34194,-0.23319,0.97106,0.01167,0.05026,-0.05670,-0.00272,-0.00188,
1666362635938163712,3.08659,-3.78204,0.33473,-0.23154,0.97172,0.01085,0.04495,-0.07972,-0.01818,-0.02435,
1666362636127483904,3.05165,-3.76778,0.34289,-0.23363,0.97115,0.01235,0.04614,-0.15577,-0.00747,0.00388,
1666362636320704512,3.00825,-3.75645,0.34919,-0.23298,0.97132,0.01345,0.04559,-0.20690,-0.00242,0.00444,
1666362636505224192,2.96190,-3.75370,0.34766,-0.23244,0.97152,0.01391,0.04387,-0.24460,-0.00280,0.00482,
1666362636698444800,2.90129,-3.71933,0.33620,-0.23059,0.97247,0.01109,0.03177,-0.27292,0.04314,-0.01733,
1666362636904266752,2.84099,-3.74876,0.34413,-0.23253,0.97190,0.01303,0.03417,-0.29497,-0.00357,0.00208,
1666362637114289152,2.77704,-3.75172,0.33980,-0.23197,0.97206,0.01330,0.03344,-0.31484,-0.00405,-0.00391,
1666362637299708928,2.71245,-3.73419,0.33613,-0.23169,0.97229,0.01210,0.02870,-0.33061,0.01245,-0.00474,
1666362637493829632,2.65145,-3.74566,0.33240,-0.23167,0.97231,0.01234,0.02822,-0.33842,-0.00261,-0.00535,
1666362637682249728,2.58960,-3.73872,0.31750,-0.22958,0.97287,0.01176,0.02624,-0.34674,0.00914,-0.01988,
1666362637872169984,2.52620,-3.74828,0.32225,-0.23078,0.97259,0.01185,0.02584,-0.34192,-0.00900,-0.01226,
1666362638064790528,2.46474,-3.75538,0.31689,-0.23031,0.97270,0.01204,0.02589,-0.34256,-0.02066,-0.01480,
1666362638260111360,2.40464,-3.75809,0.30821,-0.22979,0.97283,0.01207,0.02554,-0.34134,-0.02433,-0.01432,
1666362638449131520,2.33878,-3.76002,0.30533,-0.22965,0.97286,0.01212,0.02577,-0.34384,-0.02926,-0.01128,
1666362638642952192,2.31823,-3.69399,0.25531,-0.22358,0.97406,0.01234,0.03262,-0.31886,0.06004,-0.07467,
1666362638828972032,2.20967,-3.75503,0.29552,-0.22904,0.97299,0.01211,0.02606,-0.34578,-0.01897,-0.01093,
1666362639029693440,2.14298,-3.75400,0.29007,-0.22882,0.97304,0.01214,0.02634,-0.34392,-0.01863,-0.02130,
1666362639225614336,2.08358,-3.75550,0.28121,-0.22851,0.97310,0.01223,0.02659,-0.33961,-0.01094,-0.02099,
1666362639420335104,2.02191,-3.74781,0.27836,-0.22809,0.97319,0.01212,0.02681,-0.33663,-0.00862,-0.01726,
1666362639619856384,1.95014,-3.75834,0.26978,-0.22809,0.97319,0.01238,0.02692,-0.34070,-0.02082,-0.02019,
1666362639826878464,1.89255,-3.75878,0.23574,-0.22660,0.97348,0.01302,0.02867,-0.33668,-0.01117,-0.05617,
1666362640032700416,1.81635,-3.76050,0.25141,-0.22795,0.97321,0.01252,0.02724,-0.33639,-0.01576,-0.03099,
1666362640214219776,1.76371,-3.74362,0.23289,-0.22748,0.97331,0.01234,0.02787,-0.33239,0.00100,-0.04033,
1666362640409840640,1.69092,-3.74172,0.23835,-0.22795,0.97321,0.01203,0.02737,-0.33309,-0.00653,-0.02922,
1666362640622863360,1.62047,-3.74338,0.23339,-0.22806,0.97319,0.01197,0.02734,-0.33063,-0.00971,-0.02558,
1666362640831085568,1.55105,-3.73217,0.22229,-0.22803,0.97319,0.01188,0.02768,-0.33090,-0.00006,-0.02433,
1666362641042008064,1.48912,-3.71614,0.20182,-0.22765,0.97327,0.01149,0.02806,-0.33861,0.01594,-0.02353,
1666362641243029504,1.42294,-3.72560,0.19923,-0.22788,0.97322,0.01163,0.02786,-0.34040,0.00264,-0.01907,
1666362641439850496,1.42625,-3.69462,0.10954,-0.22513,0.97375,0.01175,0.03146,-0.31714,0.04661,-0.10103,
1666362641637571584,1.29919,-3.71473,0.15039,-0.22705,0.97338,0.01181,0.02911,-0.34556,0.00905,-0.04809,
1666362641830492160,1.23018,-3.73498,0.16298,-0.22786,0.97321,0.01214,0.02830,-0.34797,-0.01387,-0.03234,
1666362642034813952,1.16469,-3.74028,0.15502,-0.22782,0.97322,0.01219,0.02829,-0.34576,-0.01573,-0.03675,
1666362642231034880,1.10017,-3.74236,0.14798,-0.22780,0.97322,0.01230,0.02830,-0.34582,-0.01871,-0.03586,
1666362642431756288,1.03250,-3.75297,0.14202,-0.22785,0.97321,0.01244,0.02810,-0.34487,-0.03173,-0.03172,
1666362642628577280,0.96428,-3.76004,0.13635,-0.22781,0.97322,0.01236,0.02811,-0.34645,-0.04015,-0.03078,
1666362642824498176,0.90205,-3.75990,0.13426,-0.22787,0.97321,0.01248,0.02798,-0.34330,-0.03924,-0.03274,
1666362643020719104,0.83784,-3.76097,0.12798,-0.22771,0.97324,0.01273,0.02816,-0.34286,-0.03368,-0.03346,
1666362643217840128,0.77630,-3.77461,0.12384,-0.22811,0.97315,0.01280,0.02784,-0.33936,-0.04436,-0.02828,
1666362643420061696,0.71147,-3.77396,0.11661,-0.22832,0.97310,0.01297,0.02796,-0.34221,-0.04029,-0.02554,
1666362643635484672,0.64007,-3.78128,0.11236,-0.22846,0.97307,0.01299,0.02783,-0.34056,-0.04957,-0.01781,
1666362643845807104,0.56809,-3.79228,0.10872,-0.22856,0.97305,0.01310,0.02780,-0.34640,-0.05394,-0.01546,
1666362644045628416,0.50758,-3.77766,0.09867,-0.22812,0.97314,0.01325,0.02800,-0.33420,-0.03620,-0.02252,
1666362644241549312,0.43973,-3.76543,0.08466,-0.22817,0.97312,0.01313,0.02849,-0.33841,-0.02762,-0.03415,
1666362644446471168,0.37526,-3.74968,0.07839,-0.22803,0.97314,0.01306,0.02877,-0.33637,-0.01899,-0.03598,
1666362644644492288,0.31404,-3.74575,0.07081,-0.22812,0.97312,0.01300,0.02884,-0.33118,-0.01696,-0.03341,
1666362644861715456,0.24434,-3.74592,0.06283,-0.22815,0.97311,0.01305,0.02901,-0.32977,-0.01396,-0.03149,
1666362645064237056,0.20126,-3.72169,0.04707,-0.22737,0.97327,0.01275,0.02989,-0.31450,0.01638,-0.04648,
1666362645261358080,0.12150,-3.73673,0.04681,-0.22793,0.97315,0.01294,0.02924,-0.32489,-0.00062,-0.03628,
1666362645461179392,0.05955,-3.73035,0.04230,-0.22784,0.97317,0.01301,0.02915,-0.32514,0.00470,-0.03552,
1666362645658600448,-0.00574,-3.73187,0.03842,-0.22797,0.97315,0.01294,0.02913,-0.32675,-0.00002,-0.03180,
1666362645855721472,-0.06800,-3.73158,0.03668,-0.22814,0.97311,0.01286,0.02913,-0.32382,-0.00095,-0.02394,
1666362646071444480,-0.14258,-3.73577,0.03462,-0.22826,0.97308,0.01297,0.02902,-0.32660,-0.00806,-0.02141,
1666362646270365696,-0.20993,-3.73342,0.02850,-0.22810,0.97311,0.01306,0.02918,-0.33457,-0.01009,-0.02323,
1666362646464786432,-0.27137,-3.73244,0.02459,-0.22824,0.97308,0.01300,0.02908,-0.33542,-0.01098,-0.02070,
1666362646661907456,-0.33791,-3.72899,0.01657,-0.22810,0.97311,0.01300,0.02930,-0.33583,-0.00519,-0.02131,
1666362646859628544,-0.40293,-3.72959,0.01040,-0.22815,0.97310,0.01304,0.02931,-0.33547,-0.00577,-0.02368,
1666362647065150464,-0.47224,-3.72812,0.00349,-0.22803,0.97312,0.01308,0.02936,-0.33365,0.00137,-0.01845,
1666362647263471616,-0.53612,-3.72760,0.00042,-0.22805,0.97312,0.01304,0.02922,-0.33238,0.00308,-0.01352,
1666362647461492736,-0.60277,-3.72790,-0.00206,-0.22813,0.97311,0.01304,0.02916,-0.33914,-0.00190,-0.01072,
1666362647659213824,-0.67041,-3.72968,-0.00069,-0.22795,0.97315,0.01311,0.02916,-0.33852,-0.00530,-0.01126,
1666362647837732864,-0.72927,-3.73151,-0.00276,-0.22774,0.97319,0.01313,0.02934,-0.34002,-0.02942,0.01197,
1666362648039654400,-0.79496,-3.73448,-0.00046,-0.22779,0.97318,0.01318,0.02926,-0.33547,-0.04411,0.03818,
1666362648252077056,-0.86557,-3.73579,-0.00127,-0.22774,0.97319,0.01327,0.02929,-0.33032,-0.02526,0.01894,
1666362648449498112,-0.93270,-3.74386,0.00437,-0.22786,0.97316,0.01347,0.02922,-0.32389,-0.01094,-0.02459,
1666362648651419648,-1.00331,-3.75134,0.00657,-0.22799,0.97313,0.01360,0.02938,-0.33028,-0.01947,-0.01372,
1666362648847040512,-1.06848,-3.75499,0.01096,-0.22817,0.97309,0.01358,0.02924,-0.32651,-0.02448,0.00738,
1666362649052262400,-1.13413,-3.75364,0.00940,-0.22803,0.97311,0.01360,0.02949,-0.32906,-0.03208,0.04168,
1666362649253883904,-1.20288,-3.76420,0.00841,-0.22828,0.97305,0.01382,0.02942,-0.33055,-0.03575,0.01746,
1666362649450404864,-1.26731,-3.76636,0.00797,-0.22820,0.97307,0.01381,0.02948,-0.33521,-0.01591,-0.02559,
1666362649649326080,-1.33383,-3.76897,0.00726,-0.22823,0.97306,0.01394,0.02957,-0.34261,-0.01799,-0.02314,
1666362649857548288,-1.40327,-3.77242,0.00375,-0.22811,0.97307,0.01408,0.02999,-0.34432,-0.02937,-0.00680,
1666362650078971904,-1.47850,-3.77865,0.01036,-0.22834,0.97302,0.01421,0.02980,-0.34454,-0.03725,0.00453,
1666362650318097408,-1.55505,-3.77448,0.00656,-0.22804,0.97308,0.01438,0.03019,-0.33976,-0.03157,0.01490,
1666362650513418240,-1.61853,-3.78294,0.00922,-0.22825,0.97303,0.01454,0.03012,-0.34069,-0.06285,0.05936,
1666362650738442240,-1.69313,-3.78865,0.00530,-0.22812,0.97305,0.01478,0.03044,-0.34185,-0.06094,0.04629,
1666362650963466240,-1.76522,-3.79028,0.00257,-0.22799,0.97307,0.01473,0.03062,-0.33941,-0.02575,-0.01709,
1666362651164787712,-1.82612,-3.78347,-0.00061,-0.22759,0.97316,0.01460,0.03087,-0.34033,-0.01357,-0.02263,
1666362651368509440,-1.89771,-3.79383,-0.00278,-0.22778,0.97311,0.01500,0.03062,-0.34254,-0.01975,-0.02485,
1666362651571931136,-1.96603,-3.78742,-0.01164,-0.22753,0.97317,0.01511,0.03067,-0.34411,-0.00872,-0.03253,
1666362651769652224,-2.03665,-3.80103,-0.01252,-0.22771,0.97313,0.01545,0.03040,-0.34504,-0.02953,-0.01476,
1666362651984775168,-2.10403,-3.80377,-0.01521,-0.22769,0.97313,0.01571,0.03050,-0.34373,-0.02854,-0.02699,
1666362652178895872,-2.16661,-3.80584,-0.02256,-0.22756,0.97316,0.01582,0.03042,-0.34324,-0.02552,-0.03480,
1666362652374816768,-2.22423,-3.79907,-0.02782,-0.22745,0.97318,0.01582,0.03046,-0.33729,-0.01983,-0.03554,
1666362652568037376,-2.28202,-3.80026,-0.03110,-0.22750,0.97318,0.01587,0.03024,-0.33270,-0.04379,0.01501,
1666362652759757824,-2.32648,-3.78316,-0.03453,-0.22742,0.97320,0.01567,0.03036,-0.31703,-0.00534,-0.02916,
1666362652967379968,-2.39497,-3.79537,-0.03704,-0.22766,0.97315,0.01607,0.02969,-0.31230,-0.01498,-0.02494,
1666362653155200000,-2.44178,-3.78742,-0.03757,-0.22746,0.97320,0.01611,0.02966,-0.29991,-0.01729,-0.00315,
1666362653343320064,-2.48488,-3.77920,-0.04112,-0.22736,0.97323,0.01596,0.02951,-0.28309,-0.00298,-0.01900,
1666362653539540992,-2.53989,-3.78010,-0.04468,-0.22737,0.97324,0.01616,0.02909,-0.28080,-0.00822,-0.01896,
1666362653737562112,-2.59076,-3.79086,-0.04538,-0.22742,0.97324,0.01642,0.02857,-0.26588,-0.02609,0.00266,
1666362653945484288,-2.63715,-3.78840,-0.05036,-0.22741,0.97324,0.01648,0.02844,-0.24764,-0.00984,-0.02157,
1666362654139604992,-2.67904,-3.78740,-0.05302,-0.22730,0.97329,0.01651,0.02790,-0.23286,-0.00030,-0.02350,
1666362654335525888,-2.71657,-3.78718,-0.05524,-0.22726,0.97331,0.01666,0.02745,-0.21175,-0.00097,-0.02087,
1666362654524846080,-2.74847,-3.78570,-0.05391,-0.22709,0.97335,0.01660,0.02735,-0.19395,-0.00191,-0.00554,
1666362654723167232,-2.77981,-3.78564,-0.05598,-0.22714,0.97335,0.01653,0.02702,-0.17093,0.00195,-0.02067,
1666362654915187712,-2.80229,-3.78323,-0.05988,-0.22702,0.97338,0.01650,0.02695,-0.14668,0.00643,-0.02678,
1666362655092806656,-2.81986,-3.78215,-0.06459,-0.22684,0.97342,0.01651,0.02708,-0.12125,0.00734,-0.02376,
1666362655270725632,-2.83727,-3.78296,-0.06571,-0.22688,0.97341,0.01640,0.02704,-0.10131,0.00456,-0.01939,
1666362655469346816,-2.86086,-3.78689,-0.06102,-0.22685,0.97341,0.01644,0.02735,-0.09227,-0.01254,0.01244,
1666362655652066304,-2.86570,-3.78578,-0.06344,-0.22678,0.97341,0.01632,0.02807,-0.07313,-0.00267,0.00139,
1666362655853687808,-2.87429,-3.78557,-0.06481,-0.22668,0.97340,0.01626,0.02905,-0.05489,-0.00009,-0.00767,
1666362656043608064,-2.88251,-3.78658,-0.06458,-0.22672,0.97338,0.01601,0.02959,-0.04504,-0.00495,-0.00367,
1666362656243129344,-2.88762,-3.78603,-0.06539,-0.22662,0.97340,0.01603,0.02953,-0.03839,-0.04703,0.08503,
1666362656445350912,-2.89113,-3.78743,-0.06216,-0.22653,0.97339,0.01578,0.03069,-0.02436,-0.00623,0.00698,
1666362656647572480,-2.89359,-3.78614,-0.06089,-0.21515,0.97596,0.01530,0.03126,-0.01672,0.02300,0.00733,
1666362656844093440,-2.89666,-3.77750,-0.05814,-0.21356,0.97630,0.01521,0.03157,-0.00992,0.07309,0.00882,
1666362657038814208,-2.90010,-3.75654,-0.05596,-0.21463,0.97604,0.01518,0.03251,-0.00049,0.11918,0.01256,
1666362657233234944,-2.90256,-3.73374,-0.04604,-0.21642,0.97563,0.01535,0.03282,0.00237,0.15247,0.02327,
1666362657421955072,-2.90323,-3.70292,-0.03530,-0.21790,0.97527,0.01548,0.03347,0.00226,0.18150,0.03429,
1666362657619676160,-2.90217,-3.66603,-0.02084,-0.21902,0.97500,0.01564,0.03407,0.00145,0.19865,0.04298,
1666362657819197440,-2.90045,-3.62557,-0.00543,-0.21914,0.97490,0.01596,0.03589,-0.00258,0.21125,0.06422,
1666362658016318464,-2.89885,-3.58378,0.01186,-0.21952,0.97478,0.01608,0.03686,-0.00824,0.22346,0.07876,
1666362658224540672,-2.89757,-3.53761,0.03175,-0.21946,0.97473,0.01642,0.03827,-0.00954,0.23123,0.09217,
1666362658408760320,-2.89703,-3.49472,0.04919,-0.21997,0.97460,0.01646,0.03871,-0.01012,0.23207,0.09928,
1666362658601980928,-2.89893,-3.44975,0.07239,-0.22008,0.97457,0.01656,0.03884,-0.00921,0.23831,0.10464,
1666362658776299520,-2.89963,-3.40721,0.09037,-0.22035,0.97450,0.01661,0.03904,-0.00717,0.23754,0.10450,
1666362658984521728,-2.90156,-3.35475,0.11539,-0.22029,0.97450,0.01664,0.03920,-0.00480,0.24647,0.11229,
1666362659184043008,-2.90191,-3.30416,0.13885,-0.22030,0.97449,0.01672,0.03936,-0.00298,0.24804,0.11588,
1666362659367662592,-2.90428,-3.25671,0.15984,-0.22024,0.97451,0.01676,0.03920,-0.00952,0.25758,0.10903,
1666362659551582208,-2.90619,-3.20966,0.18074,-0.22044,0.97446,0.01680,0.03931,-0.00657,0.25879,0.11232,
1666362659740302336,-2.91175,-3.16458,0.20498,-0.22037,0.97445,0.01706,0.03993,-0.00910,0.25404,0.11974,
1666362659920921600,-2.91162,-3.11694,0.22670,-0.22034,0.97447,0.01694,0.03962,-0.00358,0.26096,0.12057,
1666362660108741632,-2.91159,-3.06775,0.24564,-0.22007,0.97454,0.01682,0.03938,-0.00805,0.26229,0.11684,
1666362660298361856,-2.91387,-3.02218,0.26693,-0.22012,0.97455,0.01682,0.03899,-0.01357,0.25849,0.11731,
1666362660468179968,-2.91515,-2.98174,0.28604,-0.22015,0.97456,0.01671,0.03869,-0.01529,0.25293,0.12141,
1666362660657500160,-2.91415,-2.93305,0.30661,-0.22013,0.97459,0.01649,0.03801,-0.01046,0.25465,0.11925,
1666362660846820352,-2.91569,-2.89312,0.32776,-0.22035,0.97455,0.01662,0.03765,-0.00584,0.24961,0.11276,
1666362661041541120,-2.91843,-2.84027,0.35194,-0.22017,0.97460,0.01647,0.03757,-0.00855,0.25337,0.11846,
1666362661206858752,-2.91793,-2.79796,0.36988,-0.22006,0.97462,0.01648,0.03757,-0.00524,0.25203,0.11926,
1666362661402779648,-2.91948,-2.74690,0.38979,-0.21999,0.97465,0.01636,0.03748,-0.00969,0.25220,0.11505,
1666362661571997696,-2.92238,-2.70626,0.40930,-0.22005,0.97463,0.01640,0.03744,-0.01326,0.25051,0.11933,
1666362661757417472,-2.92343,-2.65869,0.42930,-0.22005,0.97463,0.01634,0.03745,-0.00894,0.25267,0.11299,
1666362661947037696,-2.92491,-2.61338,0.44783,-0.22015,0.97460,0.01636,0.03755,-0.00640,0.25416,0.11156,
1666362662121356288,-2.92542,-2.56878,0.46824,-0.22009,0.97463,0.01623,0.03743,-0.00881,0.25472,0.11393,
1666362662301375488,-2.92401,-2.52259,0.48733,-0.22001,0.97465,0.01613,0.03725,-0.00684,0.25137,0.11268,
1666362662500296704,-2.92683,-2.47312,0.51063,-0.22002,0.97465,0.01606,0.03724,-0.00833,0.24953,0.11698,
1666362662700418048,-2.92818,-2.42320,0.53372,-0.22005,0.97465,0.01600,0.03721,-0.01039,0.25333,0.11635,
1666362662895138816,-2.93150,-2.37448,0.55614,-0.22003,0.97465,0.01591,0.03720,-0.00831,0.25351,0.11761,
1666362663089259520,-2.93141,-2.32588,0.57650,-0.22015,0.97463,0.01579,0.03722,-0.00423,0.25276,0.11621,
1666362663273779200,-2.93561,-2.27944,0.59927,-0.22011,0.97464,0.01564,0.03715,-0.00875,0.25345,0.11841,
1666362663446597632,-2.93680,-2.23620,0.61865,-0.22023,0.97462,0.01550,0.03698,-0.01047,0.25478,0.11711,
1666362663625116672,-2.93943,-2.19061,0.64088,-0.22021,0.97463,0.01543,0.03704,-0.00943,0.25370,0.12012,
1666362663804535808,-2.94264,-2.14722,0.66120,-0.22020,0.97463,0.01537,0.03694,-0.01051,0.25191,0.11644,
1666362663988155392,-2.94296,-2.10058,0.68084,-0.22014,0.97465,0.01520,0.03691,-0.00802,0.24772,0.11579,
1666362664182876160,-2.94350,-2.05365,0.70182,-0.22016,0.97465,0.01516,0.03691,-0.01002,0.24914,0.11137,
1666362664353894400,-2.94480,-2.00995,0.72017,-0.22016,0.97465,0.01499,0.03684,-0.00712,0.24783,0.11089,
1666362664522812416,-2.94442,-1.96869,0.73628,-0.22017,0.97465,0.01491,0.03690,-0.00552,0.24260,0.10960,
1666362664692630528,-2.94653,-1.92722,0.75463,-0.22021,0.97464,0.01487,0.03687,-0.00458,0.24313,0.11012,
1666362664880450560,-2.95034,-1.88060,0.77288,-0.22012,0.97466,0.01475,0.03691,-0.01280,0.24738,0.10715,
1666362665074271232,-2.95417,-1.83442,0.79301,-0.22017,0.97465,0.01467,0.03688,-0.01669,0.24591,0.10544,
1666362665265391616,-2.95723,-1.78582,0.81615,-0.22004,0.97469,0.01447,0.03677,-0.01329,0.24626,0.11067,
1666362665450811392,-2.96160,-1.74225,0.83906,-0.22008,0.97469,0.01440,0.03669,-0.01345,0.23824,0.11680,
1666362665645532160,-2.96497,-1.69477,0.86126,-0.22022,0.97465,0.01436,0.03669,-0.01309,0.24011,0.11836,
1666362665846853632,-2.96817,-1.64680,0.88564,-0.22011,0.97469,0.01423,0.03650,-0.01230,0.24377,0.11755,
1666362666050875392,-2.96877,-1.59795,0.90600,-0.22013,0.97468,0.01424,0.03652,-0.00779,0.23791,0.11546,
1666362666242895872,-2.97315,-1.55114,0.92858,-0.22007,0.97470,0.01418,0.03643,-0.01128,0.23919,0.11584,
1666362666426515456,-2.97526,-1.50583,0.94713,-0.22010,0.97469,0.01410,0.03647,-0.01116,0.24282,0.10884,
1666362666615235584,-2.97368,-1.45971,0.96417,-0.22020,0.97467,0.01401,0.03647,0.00053,0.24418,0.10546,
1666362666789854208,-2.97632,-1.41545,0.98450,-0.22013,0.97469,0.01390,0.03647,-0.00099,0.24797,0.10727,
1666362666989375488,-2.98058,-1.36805,1.00652,-0.22004,0.97471,0.01388,0.03650,-0.00588,0.24680,0.10949,
1666362667171194880,-2.98110,-1.32550,1.02542,-0.22016,0.97468,0.01391,0.03647,-0.00640,0.24381,0.10618,
1666362667350914048,-2.98177,-1.27840,1.04275,-0.22005,0.97470,0.01377,0.03657,-0.00381,0.25012,0.10702,
1666362667546534912,-2.98337,-1.23103,1.06296,-0.22006,0.97470,0.01372,0.03661,0.00060,0.25260,0.10911,
1666362667729254400,-2.98280,-1.18505,1.07794,-0.22017,0.97468,0.01366,0.03671,0.00100,0.25319,0.10414,
1666362667914974208,-2.98680,-1.14070,1.09987,-0.22009,0.97469,0.01365,0.03673,-0.00076,0.25065,0.10530,
1666362668094693376,-2.98778,-1.09702,1.11767,-0.22013,0.97468,0.01359,0.03676,-0.00559,0.24573,0.10277,
1666362668299915264,-2.98633,-1.04549,1.13407,-0.22005,0.97469,0.01351,0.03698,-0.00089,0.24346,0.10018,
1666362668505437184,-2.99089,-0.99732,1.15974,-0.21994,0.97472,0.01351,0.03697,-0.00450,0.24002,0.10902,
1666362668755663872,-2.98886,-0.94428,1.17624,-0.22010,0.97467,0.01358,0.03723,0.00228,0.23681,0.09731,
1666362669048495104,-2.99778,-0.87031,1.21486,-0.21988,0.97473,0.01338,0.03712,-0.00794,0.24332,0.10445,
1666362669261517824,-3.00490,-0.82139,1.24160,-0.21991,0.97472,0.01339,0.03708,-0.01312,0.23830,0.11165,
1666362669446637568,-3.00439,-0.77813,1.26180,-0.21993,0.97472,0.01350,0.03693,-0.00360,0.23996,0.10688,
1666362669633257472,-3.01113,-0.73651,1.28857,-0.21984,0.97475,0.01366,0.03666,-0.00481,0.23792,0.10987,
1666362669831578624,-3.01250,-0.69286,1.30811,-0.21989,0.97474,0.01375,0.03668,-0.00622,0.23461,0.10741,
1666362670026599424,-3.01309,-0.64494,1.33033,-0.21972,0.97478,0.01364,0.03672,-0.00704,0.21980,0.14717,
1666362670208718848,-3.01506,-0.60328,1.35007,-0.21974,0.97477,0.01362,0.03679,-0.00587,0.21546,0.14632,
1666362670398339072,-3.01132,-0.56231,1.37110,-0.21986,0.97475,0.01360,0.03669,0.00710,0.23844,0.09865,
1666362670583758848,-3.01898,-0.52367,1.39984,-0.21966,0.97479,0.01369,0.03677,-0.00386,0.22703,0.10959,
1666362670758377472,-3.01879,-0.48615,1.41924,-0.21979,0.97476,0.01384,0.03672,-0.00786,0.20179,0.15712,
1666362670953998336,-3.02035,-0.44230,1.44251,-0.21975,0.97477,0.01389,0.03674,-0.00492,0.21049,0.14313,
1666362671131317248,-3.02667,-0.40547,1.46917,-0.21968,0.97478,0.01388,0.03673,-0.00817,0.23107,0.10830,
1666362671311336448,-3.03173,-0.36749,1.49562,-0.21968,0.97479,0.01392,0.03651,-0.01459,0.22587,0.12563,
1666362671504557056,-3.02876,-0.32128,1.51901,-0.21971,0.97478,0.01377,0.03655,-0.00609,0.21591,0.14444,
1666362671683676160,-3.02954,-0.28117,1.54002,-0.21966,0.97479,0.01381,0.03653,-0.01074,0.21001,0.16290,
1666362671874496512,-3.02839,-0.24058,1.56268,-0.21975,0.97478,0.01387,0.03638,-0.00218,0.23093,0.10872,
1666362672065916928,-3.03241,-0.19706,1.59142,-0.21965,0.97480,0.01378,0.03637,-0.00608,0.23318,0.11646,
1666362672248036352,-3.03551,-0.15751,1.61620,-0.21965,0.97481,0.01382,0.03630,-0.01168,0.23131,0.12098,
1666362672434056192,-3.02957,-0.11916,1.62961,-0.21966,0.97481,0.01376,0.03625,-0.00324,0.21585,0.13821,
1666362672614375424,-3.03839,-0.07317,1.65739,-0.21966,0.97480,0.01367,0.03633,-0.01196,0.22286,0.13182,
1666362672809096192,-3.04339,-0.03052,1.68647,-0.21962,0.97481,0.01373,0.03637,-0.00847,0.24362,0.09992,
1666362673019118592,-3.04179,0.01567,1.70854,-0.21965,0.97480,0.01360,0.03649,0.00154,0.23976,0.09579,
1666362673218039808,-3.04470,0.05910,1.73593,-0.21971,0.97478,0.01366,0.03657,0.00011,0.23194,0.10117,
1666362673413360640,-3.04372,0.09966,1.75393,-0.21963,0.97479,0.01375,0.03678,-0.00123,0.21799,0.11698,
1666362673607481344,-3.04628,0.14665,1.77849,-0.21969,0.97478,0.01364,0.03689,-0.00543,0.20798,0.14901,
1666362673803402240,-3.04775,0.19097,1.80280,-0.21977,0.97476,0.01368,0.03695,0.00076,0.23762,0.08781,
1666362674003523584,-3.04803,0.23627,1.82446,-0.21967,0.97477,0.01356,0.03728,-0.00136,0.24077,0.08157,
1666362674203944960,-3.05025,0.28178,1.84957,-0.21966,0.97477,0.01343,0.03738,-0.00150,0.23584,0.08757,
1666362674390264832,-3.05083,0.32203,1.87275,-0.21963,0.97477,0.01344,0.03748,-0.00195,0.22466,0.10741,
1666362674589186048,-3.04621,0.36978,1.88800,-0.21950,0.97480,0.01320,0.03766,0.00624,0.22290,0.10930,
1666362674788707328,-3.05338,0.41504,1.91680,-0.21954,0.97479,0.01323,0.03762,0.00521,0.22774,0.09553,
1666362674992429056,-3.05603,0.46299,1.93778,-0.21954,0.97478,0.01318,0.03773,-0.00429,0.22148,0.11897,
1666362675183849472,-3.05540,0.50576,1.95741,-0.21966,0.97475,0.01316,0.03784,-0.00318,0.23195,0.09906,
1666362675373469696,-3.05872,0.55005,1.97693,-0.21963,0.97476,0.01308,0.03790,-0.01028,0.23690,0.09657,
1666362675566390272,-3.04992,0.58965,1.97857,-0.22005,0.97467,0.01286,0.03794,0.00727,0.23697,0.07931,
1666362675768311808,-3.06023,0.64281,2.01492,-0.21986,0.97470,0.01281,0.03813,-0.01162,0.23666,0.09866,
1666362675978334208,-3.06332,0.68879,2.03986,-0.22000,0.97467,0.01282,0.03808,-0.01476,0.21596,0.14891,
1666362676174855168,-3.06441,0.73214,2.05989,-0.21999,0.97467,0.01276,0.03823,-0.01152,0.24380,0.07895,
1666362676366575616,-3.06433,0.77753,2.07584,-0.22006,0.97465,0.01265,0.03842,-0.01226,0.24231,0.07260,
1666362676548094976,-3.06157,0.81513,2.08491,-0.22024,0.97460,0.01262,0.03859,-0.00585,0.22734,0.06699,
1666362676750916608,-3.06704,0.85844,2.11105,-0.22037,0.97457,0.01257,0.03871,-0.01750,0.19027,0.13483,
1666362676941736960,-3.07013,0.89493,2.13464,-0.22056,0.97453,0.01257,0.03859,-0.01372,0.19744,0.09725,
1666362677154759680,-3.07263,0.93082,2.15675,-0.22102,0.97444,0.01261,0.03824,-0.00488,0.18719,0.09556,
1666362677362981888,-3.07695,0.97507,2.17818,-0.22112,0.97441,0.01248,0.03838,-0.01255,0.18326,0.09760,
1666362677561003008,-3.07769,1.01704,2.19498,-0.22121,0.97440,0.01235,0.03831,-0.01244,0.18820,0.09072,
1666362677763524608,-3.07417,1.05085,2.20558,-0.22166,0.97430,0.01232,0.03816,-0.00701,0.15538,0.12442,
1666362677951344640,-3.07832,1.08861,2.22254,-0.22168,0.97429,0.01211,0.03825,-0.00483,0.18344,0.06377,
1666362678149065728,-3.08040,1.12170,2.23880,-0.22186,0.97425,0.01204,0.03831,-0.00772,0.17275,0.06348,
1666362678335685632,-3.08007,1.15134,2.25053,-0.22203,0.97421,0.01200,0.03831,-0.00861,0.16366,0.06411,
1666362678528006144,-3.08254,1.17770,2.27156,-0.22227,0.97416,0.01196,0.03831,-0.01491,0.15038,0.06704,
1666362678744329216,-3.08193,1.20470,2.28288,-0.22238,0.97413,0.01182,0.03837,-0.00897,0.13933,0.06113,
1666362678945350656,-3.08286,1.22728,2.29328,-0.22241,0.97413,0.01177,0.03837,-0.00412,0.12146,0.06137,
1666362679162273792,-3.08423,1.24684,2.30577,-0.22228,0.97416,0.01179,0.03830,-0.00716,0.08787,0.09082,
1666362679376196608,-3.09246,1.25459,2.32306,-0.22330,0.97393,0.01202,0.03819,-0.02221,0.07542,0.07221,
1666362679574217728,-3.09003,1.28028,2.32683,-0.22276,0.97405,0.01174,0.03825,-0.01905,0.07251,0.05687,
1666362679751536640,-3.08654,1.28912,2.32360,-0.22208,0.97421,0.01159,0.03826,-0.01337,0.06201,0.03859,
1666362679927655424,-3.08385,1.29075,2.32743,-0.22116,0.97442,0.01167,0.03825,-0.00820,0.04134,0.04645,
1666362680124476416,-3.08285,1.29375,2.32668,-0.22061,0.97454,0.01172,0.03834,-0.00811,0.04132,0.02382,
1666362680312596480,-3.08174,1.29455,2.32515,-0.22026,0.97462,0.01179,0.03827,-0.00503,0.03190,0.01877,
1666362680515118080,-3.08281,1.29003,2.33103,-0.22016,0.97465,0.01197,0.03801,-0.01109,0.02105,0.03101,
1666362680697837568,-3.08140,1.29809,2.33031,-0.21962,0.97477,0.01175,0.03816,-0.00693,0.01856,0.01715,
1666362680890158080,-3.08323,1.30221,2.33112,-0.21932,0.97484,0.01171,0.03812,-0.00304,0.01715,0.00811,
1666362681092379648,-3.08419,1.30340,2.33120,-0.21915,0.97488,0.01178,0.03809,-0.00069,0.01435,0.00723,
1666362681284100096,-3.08450,1.30355,2.33237,-0.21920,0.97487,0.01178,0.03803,-0.00765,-0.00795,0.04686,
1666362681460818944,-3.08453,1.30402,2.33310,-0.21904,0.97490,0.01179,0.03805,-0.00251,0.02053,-0.00753,
1666362681636337664,-3.08392,1.30486,2.33179,-0.21904,0.97490,0.01180,0.03802,-0.00042,0.02499,-0.01183,
1666362681812756480,-3.08424,1.30562,2.33127,-0.21898,0.97492,0.01180,0.03802,-0.00037,0.02353,-0.00932,
1666362681994575872,-3.08406,1.30482,2.33282,-0.21910,0.97489,0.01181,0.03803,-0.00303,-0.00080,0.04759,
1666362682166494208,-3.08377,1.30463,2.33364,-0.21902,0.97490,0.01182,0.03812,0.00078,0.01506,-0.00057,
1666362682339012608,-3.08628,1.30443,2.33497,-0.21893,0.97494,0.01219,0.03761,-0.00264,0.00869,0.00330,
1666362682537633792,-3.08273,1.30127,2.33625,-0.21881,0.97530,0.01455,0.02631,0.02442,0.00402,0.00919,
1666362682755156992,-3.07231,1.30603,2.33746,-0.21877,0.97534,0.01484,0.02519,0.07211,0.01423,0.01136,
1666362682954078208,-3.06479,1.30126,2.35421,-0.21886,0.97527,0.01471,0.02704,0.09069,0.02655,0.04256,
1666362683140098048,-3.03006,1.30834,2.34372,-0.21890,0.97521,0.01401,0.02904,0.14712,0.01015,0.00304,
1666362683316216832,-2.99805,1.30866,2.34197,-0.21883,0.97518,0.01362,0.03084,0.17949,0.01146,0.00129,
1666362683506137088,-2.95953,1.30776,2.34134,-0.21878,0.97515,0.01326,0.03232,0.20247,0.01125,0.00105,
1666362683703858176,-2.95439,1.27230,2.38856,-0.21926,0.97523,0.01184,0.02652,0.17797,0.00703,0.09010,
1666362683887477760,-2.87747,1.30551,2.35051,-0.21891,0.97507,0.01289,0.03384,0.23595,0.00606,0.01016,
1666362684054295552,-2.83782,1.30559,2.35110,-0.21892,0.97505,0.01281,0.03457,0.24263,0.01063,0.00918,
1666362684228614144,-2.80244,1.28756,2.36655,-0.21918,0.97506,0.01269,0.03262,0.24419,-0.01643,0.03233,
1666362684425435136,-2.74918,1.30785,2.35816,-0.21900,0.97501,0.01249,0.03519,0.25097,0.00964,0.00986,
1666362684591952896,-2.70651,1.30850,2.35350,-0.21915,0.97496,0.01248,0.03571,0.25310,0.01025,0.00215,
1666362684774072320,-2.66428,1.29119,2.36458,-0.21917,0.97498,0.01282,0.03487,0.25504,-0.01802,0.01112,
1666362684947190784,-2.61862,1.30788,2.35593,-0.21922,0.97493,0.01254,0.03602,0.25228,0.00532,0.00040,
1666362685124209664,-2.57254,1.30714,2.35765,-0.21925,0.97492,0.01248,0.03604,0.25595,0.00052,0.00607,
1666362685297628160,-2.52482,1.29525,2.35988,-0.21928,0.97492,0.01263,0.03597,0.25878,-0.01507,0.00589,
1666362685484848128,-2.47746,1.30604,2.36472,-0.21941,0.97489,0.01221,0.03620,0.25626,0.00120,0.00474,
1666362685671768064,-2.42936,1.30863,2.36773,-0.21943,0.97488,0.01217,0.03627,0.25664,0.00476,0.00827,
1666362685850287104,-2.39003,1.29533,2.37818,-0.21905,0.97496,0.01275,0.03622,0.25415,-0.01051,0.02879,
1666362686040807424,-2.33308,1.31686,2.37111,-0.21925,0.97491,0.01209,0.03667,0.26669,0.01433,0.00443,
1666362686222326784,-2.28372,1.32064,2.37121,-0.21931,0.97489,0.01211,0.03679,0.26924,0.01403,0.00779,
1666362686403546112,-2.24011,1.32313,2.37932,-0.21924,0.97490,0.01240,0.03682,0.26613,0.00556,0.01387,
1666362686579064832,-2.19493,1.33222,2.37828,-0.21931,0.97488,0.01201,0.03697,0.26584,0.01320,0.01286,
1666362686762384384,-2.14819,1.33334,2.37991,-0.21932,0.97488,0.01195,0.03709,0.25804,0.01191,0.01006,
1666362686930102272,-2.10832,1.33240,2.39236,-0.21930,0.97488,0.01218,0.03703,0.25694,0.00054,0.01323,
1666362687101420544,-2.06570,1.33686,2.39600,-0.21931,0.97487,0.01190,0.03716,0.25605,-0.00195,0.01300,
1666362687283239936,-2.02491,1.34206,2.40443,-0.21928,0.97489,0.01180,0.03711,0.25135,-0.00031,0.01280,
1666362687480660992,-1.99142,1.34580,2.42779,-0.21912,0.97492,0.01201,0.03701,0.24337,0.00147,0.03268,
1666362687664580608,-1.93647,1.33938,2.41439,-0.21935,0.97488,0.01188,0.03681,0.25098,-0.00282,0.01040,
1666362687834398720,-1.89549,1.33827,2.41745,-0.21940,0.97486,0.01210,0.03693,0.25175,-0.00608,0.01396,
1666362688012617728,-1.85345,1.32853,2.42213,-0.21951,0.97483,0.01249,0.03689,0.25342,-0.02028,0.01088,
1666362688186036224,-1.80943,1.33664,2.42908,-0.21935,0.97488,0.01213,0.03679,0.24960,-0.01605,0.01573,
1666362688385257472,-1.75914,1.33748,2.43387,-0.21937,0.97487,0.01214,0.03673,0.25205,-0.01623,0.01650,
1666362688571277312,-1.71294,1.33931,2.43585,-0.21934,0.97488,0.01214,0.03675,0.25553,-0.01099,0.01247,
1666362688751896576,-1.66785,1.33996,2.43599,-0.21923,0.97490,0.01217,0.03679,0.25693,-0.00824,0.00933,
1666362688923214848,-1.62490,1.34265,2.43471,-0.21929,0.97488,0.01207,0.03697,0.25580,-0.00372,0.00660,
1666362689105934336,-1.57911,1.34388,2.43466,-0.21937,0.97486,0.01206,0.03705,0.25711,-0.00163,0.00323,
1666362689274252288,-1.54285,1.33989,2.44558,-0.21930,0.97488,0.01241,0.03697,0.24930,-0.00934,0.02009,
1666362689469273088,-1.49288,1.34793,2.44093,-0.21949,0.97483,0.01214,0.03709,0.24881,-0.00163,0.00836,
1666362689679295488,-1.43924,1.34875,2.44171,-0.21949,0.97483,0.01213,0.03711,0.24794,-0.00066,0.00466,
1666362689949924352,-1.37603,1.34754,2.45059,-0.21945,0.97484,0.01242,0.03711,0.24305,-0.00134,0.01515,
1666362690218452992,-1.30791,1.35277,2.44667,-0.21956,0.97481,0.01231,0.03731,0.24156,-0.00111,0.00526,
1666362690486981632,-1.23893,1.35019,2.44813,-0.21958,0.97481,0.01230,0.03722,0.24772,-0.00458,0.00692,
1666362690755510272,-1.17436,1.34338,2.45453,-0.21949,0.97482,0.01284,0.03732,0.24542,-0.00756,0.00665,
1666362691027939328,-1.10684,1.35388,2.45319,-0.21960,0.97479,0.01244,0.03753,0.24491,-0.00531,0.00317,
1666362691291667456,-1.05019,1.33634,2.46055,-0.21962,0.97477,0.01321,0.03752,0.23769,-0.02423,0.01358,
1666362691560796160,-0.97775,1.35679,2.46397,-0.21976,0.97474,0.01263,0.03778,0.23895,-0.00484,0.01634,
1666362691829624832,-0.91347,1.35715,2.46798,-0.21967,0.97476,0.01265,0.03786,0.23620,-0.00738,0.01658,
1666362692132057088,-0.85125,1.36575,2.48860,-0.21962,0.97477,0.01285,0.03777,0.23327,0.00613,0.02787,
1666362692400885760,-0.78072,1.36128,2.48550,-0.21965,0.97477,0.01280,0.03762,0.23784,0.00237,0.01676,
1666362692669114368,-0.83636,1.33616,2.54244,-0.22007,0.97471,0.01353,0.03655,0.20168,-0.02521,0.08047,
1666362692936442880,-0.66134,1.35145,2.50536,-0.21959,0.97479,0.01316,0.03733,0.23543,-0.00867,0.01979,
1666362693205571584,-0.59558,1.34939,2.51079,-0.21964,0.97478,0.01321,0.03721,0.24078,-0.01220,0.02128,
1666362693478000640,-0.51699,1.34680,2.50847,-0.21969,0.97476,0.01325,0.03732,0.24881,-0.01222,0.02235,
1666362693741428736,-0.44897,1.33758,2.51715,-0.21968,0.97477,0.01373,0.03722,0.24637,-0.01653,0.02864,
1666362694010257408,-0.38211,1.33652,2.51016,-0.21977,0.97474,0.01383,0.03730,0.24381,-0.01236,0.01666,
1666362694278486016,-0.42593,1.30310,2.57229,-0.22018,0.97467,0.01468,0.03644,0.20818,-0.04881,0.08426,
1666362694547014656,-0.26010,1.34061,2.52420,-0.21980,0.97472,0.01387,0.03753,0.23790,-0.01061,0.02287,
1666362694815243264,-0.18621,1.35177,2.52220,-0.21973,0.97474,0.01374,0.03771,0.23767,-0.00192,0.02219,
1666362695083771904,-0.12339,1.35647,2.52059,-0.21958,0.97476,0.01376,0.03786,0.23824,-0.00142,0.01722,
1666362695351100416,-0.05938,1.35617,2.52353,-0.21957,0.97477,0.01379,0.03776,0.23650,0.00017,0.01784,
1666362695619629056,-0.00205,1.35169,2.53761,-0.21934,0.97482,0.01424,0.03756,0.23304,0.00036,0.02770,
1666362695892658176,0.06670,1.35570,2.53278,-0.21953,0.97478,0.01386,0.03768,0.22946,-0.00888,0.03366,
1666362696155786240,0.12865,1.35268,2.54460,-0.21955,0.97478,0.01389,0.03751,0.22556,-0.00349,0.02853,
1666362696424014848,0.18829,1.35910,2.55162,-0.21950,0.97479,0.01384,0.03764,0.22475,0.00081,0.02451,
1666362696692243456,0.25313,1.35684,2.56030,-0.21952,0.97478,0.01384,0.03769,0.22625,-0.00262,0.01066,
1666362696960772096,0.31840,1.35483,2.56659,-0.21940,0.97481,0.01384,0.03774,0.23042,-0.00398,0.00773,
1666362697296807936,0.13342,1.30160,2.62433,-0.22070,0.97459,0.01502,0.03527,0.17218,-0.08265,0.10239,
1666362697569236992,0.45211,1.35013,2.58797,-0.21925,0.97482,0.01399,0.03809,0.22034,-0.01362,0.04191,
1666362697836565504,0.51676,1.34943,2.60017,-0.21908,0.97487,0.01396,0.03787,0.22579,-0.00066,0.02606,
1666362698100893696,0.57422,1.34486,2.62125,-0.21908,0.97487,0.01425,0.03781,0.22610,0.00172,0.03130,
1666362698370322432,0.64041,1.34573,2.62131,-0.21908,0.97486,0.01418,0.03796,0.22689,0.00382,0.01314,
1666362698637650944,0.70482,1.34351,2.63032,-0.21911,0.97486,0.01419,0.03793,0.22758,0.00580,0.01045,
1666362698905879552,0.76808,1.35332,2.65413,-0.21861,0.97498,0.01420,0.03772,0.22588,0.00102,0.06107,
1666362699173808128,0.83785,1.33427,2.64850,-0.21862,0.97496,0.01452,0.03796,0.21768,-0.02244,0.07588,
1666362699442936832,0.90262,1.32890,2.65338,-0.21871,0.97494,0.01452,0.03805,0.22166,-0.01144,0.04484,
1666362699715665920,0.96847,1.33132,2.67004,-0.21859,0.97496,0.01453,0.03829,0.21870,-0.00416,0.04398,
1666362699979394048,1.03533,1.32061,2.67494,-0.21870,0.97493,0.01471,0.03824,0.22262,-0.00439,0.02389,
1666362700247322624,1.09914,1.31278,2.67960,-0.21877,0.97491,0.01488,0.03822,0.22526,-0.00616,0.01024,
1666362700515851264,1.16287,1.31437,2.69052,-0.21861,0.97494,0.01497,0.03845,0.22337,0.00356,0.01206,
1666362700784379904,1.22743,1.30262,2.68565,-0.21883,0.97488,0.01518,0.03859,0.22283,-0.00672,-0.00241,
1666362701051708416,1.28963,1.29829,2.69077,-0.21897,0.97484,0.01506,0.03893,0.21849,-0.01462,0.00739,
1666362701319636992,1.35442,1.29964,2.69593,-0.21885,0.97486,0.01506,0.03915,0.22110,-0.00319,0.00270,
1666362701587865600,1.41923,1.29274,2.70365,-0.21871,0.97488,0.01538,0.03929,0.21837,-0.02070,0.02987,
1666362701856394240,1.48213,1.29858,2.70596,-0.21864,0.97488,0.01532,0.03955,0.21224,-0.00476,0.00087,
1666362702124622848,1.54349,1.29913,2.70901,-0.21866,0.97487,0.01525,0.03989,0.20781,-0.00270,0.00326,
1666362702392551424,1.51670,1.29975,2.76931,-0.21810,0.97495,0.01587,0.04073,0.19218,-0.00235,0.06799,
1666362702660780032,1.66983,1.29919,2.72107,-0.21821,0.97493,0.01563,0.04064,0.19549,-0.00621,0.03040,
1666362702928708608,1.73047,1.29702,2.72472,-0.21829,0.97490,0.01568,0.04084,0.19126,0.00350,0.00143,
1666362703197537280,1.77379,1.27364,2.73021,-0.21813,0.97493,0.01628,0.04074,0.17540,-0.03184,0.03562,
1666362703465165824,1.84694,1.30009,2.73445,-0.21787,0.97497,0.01576,0.04153,0.17201,0.00288,0.00877,
1666362703733394432,1.90029,1.29976,2.74288,-0.21783,0.97497,0.01571,0.04179,0.16314,-0.01430,0.04108,
1666362704001923072,1.95069,1.30153,2.74994,-0.21778,0.97497,0.01559,0.04198,0.15515,0.00109,0.01521,
1666362704275252224,1.99767,1.29203,2.75416,-0.21756,0.97502,0.01589,0.04183,0.13898,-0.01130,0.02967,
1666362704543180800,2.04125,1.30105,2.75545,-0.21759,0.97500,0.01552,0.04219,0.11840,0.00473,0.01008,
1666362704811709440,2.07712,1.30282,2.75776,-0.21752,0.97502,0.01551,0.04223,0.09368,0.00381,0.01085,
1666362705074537472,2.10794,1.30270,2.76283,-0.21748,0.97503,0.01555,0.04204,0.07584,-0.00448,0.01846,
1666362705348466688,2.12696,1.28373,2.77148,-0.21713,0.97504,0.01616,0.04351,0.06236,-0.01259,0.00067,
1666362705610994688,2.16216,1.30022,2.76907,-0.21700,0.97511,0.01589,0.04257,0.04547,0.00531,-0.00440,
1666362705879523328,2.17617,1.29677,2.77211,-0.21699,0.97516,0.01603,0.04146,0.02345,-0.00628,0.01406,
1666362706148051968,2.18937,1.29602,2.77254,-0.21700,0.97519,0.01618,0.04064,0.01449,0.00097,-0.00151,
1666362706416280576,2.19832,1.29861,2.77183,-0.21696,0.97522,0.01627,0.04002,0.01549,0.00255,-0.00397,
1666362706689609728,2.20433,1.30041,2.77449,-0.21697,0.97523,0.01630,0.03968,0.00548,0.00523,-0.00240,
1666362706952137728,2.20692,1.30178,2.77368,-0.21698,0.97524,0.01635,0.03938,0.00210,0.00836,-0.00643,
1666362707221566464,2.19129,1.28030,2.77470,-0.21700,0.97524,0.01691,0.03919,-0.00076,-0.04640,0.04815,
1666362707489795072,2.21470,1.30741,2.76857,-0.21682,0.97529,0.01616,0.03915,0.00021,0.01831,-0.02318,
1666362707757723648,2.21424,1.30784,2.76387,-0.21687,0.97528,0.01613,0.03913,0.00046,0.01580,-0.02249,
1666362708025952256,2.21445,1.30758,2.76556,-0.21686,0.97528,0.01613,0.03927,0.00071,0.00163,0.00448,
1666362708294480896,2.21617,1.31020,2.76513,-0.21684,0.97529,0.01612,0.03916,0.00251,0.01784,-0.02058,
1666362708562409472,2.21512,1.30541,2.76028,-0.23169,0.97187,0.01673,0.03890,-0.00422,-0.04097,-0.01637,
1666362708829737984,2.21408,1.28428,2.75233,-0.23064,0.97212,0.01669,0.03883,-0.00462,-0.11741,-0.01772,
1666362709097366528,2.25843,1.24176,2.76083,-0.22697,0.97294,0.01709,0.03980,0.01117,-0.12487,-0.00303,
1666362709365895168,2.21185,1.19570,2.71894,-0.22276,0.97395,0.01629,0.03927,-0.01476,-0.20934,-0.04514,
1666362709634123776,2.20635,1.13498,2.69087,-0.21997,0.97458,0.01624,0.03933,-0.01616,-0.23606,-0.05607,
1666362709902052352,2.19526,1.08305,2.64893,-0.21679,0.97524,0.01607,0.04069,-0.00582,-0.22993,-0.08997,
1666362710169380864,2.18624,0.99671,2.63295,-0.21638,0.97540,0.01604,0.03905,-0.01385,-0.26318,-0.07922,
1666362710437009408,2.18318,0.93485,2.59174,-0.21525,0.97564,0.01577,0.03926,-0.00399,-0.26763,-0.10553,
1666362710705238016,2.18218,0.85901,2.56262,-0.21478,0.97575,0.01579,0.03902,-0.00478,-0.27811,-0.11384,
1666362710974066688,2.18115,0.78796,2.52588,-0.21452,0.97582,0.01581,0.03896,0.00146,-0.27867,-0.12324,
1666362711241695232,2.18368,0.71540,2.48349,-0.21446,0.97582,0.01575,0.03914,-0.00008,-0.28248,-0.13487,
1666362711509623808,2.18110,0.63739,2.44300,-0.21435,0.97584,0.01590,0.03924,-0.00616,-0.28590,-0.14261,
1666362711778452480,2.19440,0.58803,2.39016,-0.21455,0.97576,0.01582,0.04004,0.00838,-0.26997,-0.16118,
1666362712051481600,2.19227,0.49278,2.36462,-0.21427,0.97584,0.01605,0.03955,-0.00033,-0.28775,-0.14254,
1666362712318810112,2.19398,0.41717,2.33018,-0.21417,0.97586,0.01617,0.03959,-0.00061,-0.28751,-0.14234,
1666362712581938176,2.19770,0.35268,2.29280,-0.21402,0.97589,0.01608,0.03976,0.00079,-0.28829,-0.14352,
1666362712850466816,2.19947,0.27941,2.25941,-0.21395,0.97590,0.01609,0.03976,0.00466,-0.28757,-0.14394,
1666362713151398912,2.20810,0.20541,2.22194,-0.21379,0.97593,0.01635,0.03978,-0.00080,-0.28723,-0.13752,
1666362713420527616,2.20997,0.13245,2.18721,-0.21373,0.97594,0.01647,0.03981,-0.00195,-0.28527,-0.14005,
1666362713687856128,2.21392,0.06187,2.15936,-0.21345,0.97600,0.01675,0.03968,0.00342,-0.27942,-0.12763,
1666362713960885248,2.21944,-0.00083,2.12105,-0.21336,0.97602,0.01663,0.03984,-0.00027,-0.27076,-0.13572,
1666362714257616896,2.23357,-0.05784,2.07431,-0.21324,0.97601,0.01673,0.04071,0.00032,-0.25883,-0.14004,
1666362714526445568,2.23033,-0.14349,2.05696,-0.21321,0.97603,0.01690,0.04021,-0.00696,-0.31027,-0.04575,
1666362714794374144,2.22667,-0.20930,2.03862,-0.21320,0.97602,0.01719,0.04048,-0.00874,-0.28227,-0.09197,
1666362715059002368,2.22904,-0.27521,2.02336,-0.21328,0.97600,0.01742,0.04035,-0.00667,-0.26344,-0.11501,
1666362715326630912,2.22958,-0.35032,1.99962,-0.21349,0.97594,0.01781,0.04048,-0.01151,-0.26745,-0.11388,
1666362715594859520,2.22566,-0.42224,1.97897,-0.21319,0.97601,0.01792,0.04030,-0.01234,-0.26997,-0.09144,
1666362715863388160,2.22947,-0.49228,1.93881,-0.21309,0.97603,0.01803,0.04031,-0.00851,-0.25330,-0.12727,
1666362716130716672,2.22760,-0.56277,1.91358,-0.21264,0.97614,0.01810,0.03996,-0.00362,-0.25284,-0.12664,
1666362716398645248,2.23322,-0.64484,1.89143,-0.21238,0.97622,0.01850,0.03937,-0.00057,-0.26560,-0.11870,
1666362716666873856,2.24726,-0.69453,1.85508,-0.21200,0.97628,0.01849,0.03992,0.01026,-0.27550,-0.08417,
1666362716934502400,2.25611,-0.75280,1.81523,-0.21170,0.97631,0.01865,0.04065,0.02012,-0.23704,-0.14816,
1666362717203031040,2.25797,-0.82263,1.78355,-0.21108,0.97644,0.01876,0.04067,0.01011,-0.26687,-0.07421,
1666362717470959616,2.26166,-0.88175,1.75761,-0.21031,0.97659,0.01886,0.04106,0.01826,-0.21799,-0.13774,
1666362717738888192,2.26661,-0.94036,1.72427,-0.20949,0.97674,0.01909,0.04153,0.01513,-0.20523,-0.12930,
1666362718006816768,2.27115,-0.99619,1.70561,-0.20891,0.97686,0.01917,0.04166,0.01709,-0.19836,-0.12025,
1666362718281346048,2.25491,-1.04943,1.69947,-0.20802,0.97705,0.01986,0.04133,-0.00387,-0.18729,-0.10413,
1666362718543574016,2.27840,-1.08354,1.66113,-0.20744,0.97711,0.01967,0.04296,0.01000,-0.15435,-0.11242,
1666362718811202560,2.28420,-1.11285,1.65504,-0.20643,0.97727,0.01999,0.04400,0.00518,-0.13338,-0.07943,
1666362719079131136,2.28335,-1.12631,1.64836,-0.20475,0.97757,0.01993,0.04524,-0.00077,-0.09061,-0.08725,
1666362719347059712,2.28249,-1.13915,1.64104,-0.20530,0.97736,0.02044,0.04682,-0.01046,-0.06187,-0.08079,
1666362719620688896,2.28474,-1.14675,1.64033,-0.20567,0.97717,0.02100,0.04892,-0.01550,-0.06517,-0.02450,
1666362719883516928,2.29033,-1.15129,1.64379,-0.20549,0.97705,0.02162,0.05170,-0.00870,-0.01690,-0.08906,
1666362720151745536,2.29251,-1.15609,1.64598,-0.20526,0.97692,0.02234,0.05474,-0.00669,-0.00842,-0.07159,
1666362720420274176,2.29524,-1.15895,1.65099,-0.20468,0.97691,0.02285,0.05679,-0.01073,-0.01091,-0.04858,
1666362720687602688,2.28231,-1.17510,1.67316,-0.20397,0.97689,0.02368,0.05931,-0.01612,-0.01460,-0.01680,
1666362720955531264,2.28847,-1.17476,1.66450,-0.20441,0.97676,0.02366,0.05997,-0.01403,-0.00268,-0.01194,
1666362721256463360,2.29180,-1.17122,1.66024,-0.20376,0.97689,0.02350,0.06020,-0.01366,0.00393,-0.00648,
1666362721525592064,2.29429,-1.17388,1.66126,-0.22157,0.97300,0.02465,0.05968,-0.01302,-0.06267,0.00347,
1666362721794420736,2.29472,-1.19870,1.65528,-0.22049,0.97327,0.02460,0.05936,-0.00983,-0.14485,0.00625,
1666362722062649344,2.30803,-1.30960,1.63138,-0.21513,0.97435,0.02540,0.06100,0.01085,-0.20127,0.00206,
1666362722336278528,2.29344,-1.32433,1.63153,-0.20968,0.97593,0.02344,0.05513,-0.00132,-0.26434,-0.01535,
1666362722603607040,2.29217,-1.40314,1.60712,-0.20487,0.97711,0.02308,0.05249,0.00298,-0.28372,-0.04083,
1666362722867335168,2.29525,-1.46870,1.58762,-0.20202,0.97786,0.02228,0.04987,0.00679,-0.30433,-0.05500,
1666362723135563776,2.29445,-1.54358,1.55340,-0.19971,0.97847,0.02185,0.04717,0.01292,-0.32159,-0.08575,
1666362723404392448,2.29390,-1.62341,1.52426,-0.19873,0.97876,0.02163,0.04551,0.01226,-0.32393,-0.09502,
1666362723673821184,2.30254,-1.69795,1.48665,-0.19803,0.97895,0.02164,0.04440,0.02142,-0.32727,-0.11297,
1666362723942049792,2.30549,-1.78125,1.44961,-0.19764,0.97901,0.02190,0.04471,0.02308,-0.32922,-0.12269,
1666362724215979008,2.30078,-1.86393,1.40533,-0.19752,0.97902,0.02221,0.04489,0.00962,-0.33089,-0.12942,
1666362724479707136,2.31353,-1.94154,1.37123,-0.19735,0.97904,0.02223,0.04522,0.01750,-0.32517,-0.13247,
1666362724747935744,2.31893,-2.02463,1.33178,-0.19738,0.97901,0.02264,0.04557,0.01423,-0.32751,-0.12954,
1666362725016164352,2.31275,-2.10583,1.30169,-0.19732,0.97900,0.02278,0.04588,0.00827,-0.32994,-0.12533,
1666362725284993024,2.31632,-2.19403,1.28021,-0.19722,0.97903,0.02323,0.04549,0.01463,-0.33311,-0.11314,
1666362725553521664,2.31492,-2.26825,1.23917,-0.19742,0.97896,0.02346,0.04594,0.00879,-0.32193,-0.12182,
1666362725823550464,2.31836,-2.35004,1.21019,-0.19751,0.97894,0.02389,0.04584,0.01176,-0.31763,-0.12587,
1666362726089978880,2.32461,-2.42987,1.17698,-0.19758,0.97892,0.02408,0.04585,0.01137,-0.32140,-0.12671,
1666362726358807552,2.31906,-2.51682,1.14383,-0.19771,0.97890,0.02449,0.04556,0.00723,-0.32075,-0.13021,
1666362726626436096,2.31489,-2.59372,1.11284,-0.19761,0.97891,0.02452,0.04574,0.00422,-0.31375,-0.12801,
1666362726894664704,2.30127,-2.67313,1.10913,-0.19746,0.97895,0.02490,0.04523,-0.00822,-0.32379,-0.07656,
1666362727164693504,2.31277,-2.75292,1.07837,-0.19759,0.97889,0.02493,0.04593,0.00474,-0.31280,-0.10077,
1666362727464725504,2.31579,-2.85396,1.05429,-0.19754,0.97890,0.02517,0.04582,0.00659,-0.31191,-0.09857,
1666362727766857728,2.31874,-2.93105,1.01792,-0.19745,0.97890,0.02537,0.04604,0.01317,-0.30502,-0.11184,
1666362728035986432,2.32433,-3.00426,0.98858,-0.19698,0.97899,0.02537,0.04613,0.01555,-0.29436,-0.11349,
1666362728307515392,2.33350,-3.07726,0.95033,-0.19675,0.97903,0.02562,0.04629,0.01878,-0.30962,-0.07548,
1666362728576944128,2.33602,-3.15219,0.92083,-0.19626,0.97911,0.02568,0.04643,0.02305,-0.28161,-0.13263,
1666362728839772160,2.34092,-3.21954,0.89135,-0.19579,0.97920,0.02574,0.04649,0.01206,-0.30546,-0.04895,
1666362729107400704,2.34438,-3.29489,0.86584,-0.19522,0.97931,0.02596,0.04665,0.01632,-0.26450,-0.11205,
1666362729375929344,2.35157,-3.36290,0.83053,-0.19438,0.97945,0.02635,0.04688,0.01542,-0.24646,-0.11800,
1666362729644157952,2.35303,-3.43036,0.81158,-0.19363,0.97960,0.02655,0.04681,0.01120,-0.23080,-0.10096,
1666362729917187072,2.35965,-3.49075,0.77403,-0.19261,0.97977,0.02683,0.04717,0.01229,-0.19681,-0.11816,
1666362730179715072,2.35906,-3.54253,0.75466,-0.19172,0.97995,0.02706,0.04703,0.00817,-0.17343,-0.10548,
1666362730448243712,2.37762,-3.58738,0.71631,-0.19148,0.97996,0.02742,0.04751,0.01628,-0.14336,-0.11310,
1666362730716772352,2.37475,-3.62539,0.72624,-0.19020,0.98022,0.02763,0.04734,0.00509,-0.12001,-0.07026,
1666362730984400896,2.37551,-3.64591,0.71681,-0.19153,0.97994,0.02789,0.04741,0.00043,-0.08488,-0.06367,
1666362731291933696,2.38873,-3.65743,0.69999,-0.19342,0.97955,0.02820,0.04768,0.00185,-0.05331,-0.05896,
1666362731559862272,2.38498,-3.67395,0.70782,-0.19275,0.97969,0.02847,0.04748,0.00321,-0.04065,-0.03354,
1666362731823590400,2.38524,-3.68075,0.71295,-0.19502,0.97922,0.02869,0.04764,-0.00461,-0.03501,-0.00654,
1666362732091819008,2.38574,-3.67638,0.71291,-0.19602,0.97902,0.02872,0.04773,-0.00427,-0.02180,-0.00511,
1666362732360047616,2.39238,-3.68161,0.70124,-0.19519,0.97903,0.02813,0.05117,0.00218,-0.01139,-0.01698,
1666362732627676160,2.38073,-3.68212,0.70709,-0.19710,0.97803,0.02611,0.06274,-0.05813,-0.00438,0.00768,
1666362732901605376,2.35781,-3.68699,0.70520,-0.19733,0.97809,0.02645,0.06088,-0.13223,-0.01106,0.00945,
1666362733164433408,2.31317,-3.67320,0.69974,-0.19702,0.97833,0.02668,0.05778,-0.18881,0.00617,-0.00219,
1666362733432662016,2.26591,-3.68973,0.69714,-0.19683,0.97860,0.02735,0.05336,-0.22174,-0.01297,-0.00528,
1666362733701490688,2.20473,-3.68428,0.69239,-0.19645,0.97884,0.02731,0.05030,-0.24229,-0.01000,-0.01323,
1666362733970019328,2.14228,-3.69565,0.68261,-0.19658,0.97890,0.02765,0.04843,-0.25614,-0.01682,-0.02244,
1666362734238547968,2.08265,-3.67320,0.65510,-0.19597,0.97919,0.02682,0.04536,-0.26027,0.00326,-0.04999,
1666362734506776576,2.00893,-3.70615,0.66471,-0.19657,0.97900,0.02794,0.04619,-0.26911,-0.03451,-0.02575,
1666362734780105728,1.93587,-3.70002,0.64901,-0.19609,0.97913,0.02770,0.04575,-0.27222,-0.02109,-0.03188,
1666362735047134208,1.86937,-3.71798,0.63856,-0.19654,0.97905,0.02801,0.04532,-0.26857,-0.04530,-0.03630,
1666362735311462400,1.80061,-3.72290,0.62654,-0.19654,0.97904,0.02801,0.04540,-0.26375,-0.04606,-0.04327,
1666362735579691008,1.73246,-3.72191,0.60513,-0.19626,0.97908,0.02776,0.04594,-0.26512,-0.03796,-0.04625,
1666362735848519680,1.65551,-3.72586,0.59492,-0.19638,0.97905,0.02791,0.04594,-0.26514,-0.03802,-0.04719,
1666362736116148224,1.58560,-3.71386,0.57520,-0.19607,0.97908,0.02775,0.04678,-0.26925,-0.01379,-0.05483,
1666362736389777408,1.50944,-3.72189,0.57852,-0.19648,0.97904,0.02766,0.04600,-0.26229,-0.02426,-0.03945,
1666362736657705984,1.44143,-3.71730,0.57277,-0.19647,0.97905,0.02741,0.04590,-0.25749,-0.02286,-0.03808,
1666362736921734144,1.36933,-3.71931,0.55806,-0.19641,0.97905,0.02767,0.04600,-0.26423,-0.01929,-0.04079,
1666362737189962752,1.30043,-3.72030,0.54381,-0.19645,0.97903,0.02769,0.04615,-0.26536,-0.02309,-0.04489,
1666362737458191360,1.22932,-3.72695,0.53183,-0.19653,0.97902,0.02784,0.04609,-0.26707,-0.02896,-0.04460,
1666362737726119936,1.17010,-3.73269,0.52337,-0.19672,0.97898,0.02779,0.04616,-0.25950,-0.03565,-0.04297,
1666362737995248640,1.10178,-3.72988,0.50903,-0.19663,0.97898,0.02767,0.04666,-0.26739,-0.03218,-0.04684,
1666362738296780800,1.03046,-3.73721,0.50023,-0.19653,0.97901,0.02740,0.04654,-0.25905,-0.04271,-0.04355,
1666362738564409344,0.97071,-3.73372,0.48962,-0.19630,0.97905,0.02737,0.04676,-0.25445,-0.02977,-0.04940,
1666362738832937984,0.89939,-3.73521,0.48356,-0.19629,0.97906,0.02726,0.04663,-0.25670,-0.02913,-0.04722,
1666362739101166592,0.83521,-3.73217,0.47945,-0.19614,0.97909,0.02717,0.04670,-0.25399,-0.01655,-0.03954,
1666362739369395200,0.76754,-3.73716,0.46926,-0.19617,0.97908,0.02722,0.04670,-0.25231,-0.02071,-0.03753,
1666362739637923840,0.70659,-3.73870,0.46211,-0.19608,0.97908,0.02706,0.04706,-0.25251,-0.01842,-0.03557,
1666362739905852416,0.64025,-3.74061,0.45578,-0.19613,0.97908,0.02706,0.04701,-0.25218,-0.01722,-0.03128,
1666362740207084544,0.56241,-3.74682,0.44613,-0.19623,0.97905,0.02708,0.04707,-0.26213,-0.02339,-0.03160,
1666362740474713088,0.48751,-3.74573,0.44014,-0.19601,0.97911,0.02698,0.04688,-0.26223,-0.01337,-0.02440,
1666362740743241728,0.42051,-3.74423,0.42975,-0.19584,0.97914,0.02694,0.04701,-0.25807,-0.00652,-0.02834,
1666362741012070400,0.35444,-3.74819,0.41872,-0.19601,0.97911,0.02675,0.04709,-0.25704,-0.00985,-0.03370,
1666362741283899392,0.28751,-3.75172,0.41220,-0.19612,0.97909,0.02664,0.04692,-0.25156,-0.01693,-0.02787,
1666362741547927552,0.22297,-3.75702,0.40271,-0.19620,0.97908,0.02661,0.04698,-0.25562,-0.01513,-0.03331,
1666362741815556096,0.15955,-3.76379,0.39579,-0.19620,0.97908,0.02672,0.04688,-0.25692,-0.01527,-0.02981,
1666362742083784704,0.09344,-3.76756,0.38948,-0.19637,0.97905,0.02661,0.04674,-0.24916,-0.01561,-0.02674,
1666362742355913728,0.02510,-3.76838,0.38194,-0.19642,0.97905,0.02659,0.04666,-0.24356,-0.01126,-0.02887,
1666362742620241920,-0.03530,-3.76664,0.37550,-0.19633,0.97907,0.02639,0.04663,-0.24027,-0.00857,-0.02393,
1666362742888770560,-0.10203,-3.77244,0.36739,-0.19628,0.97908,0.02646,0.04657,-0.23785,-0.01498,-0.02613,
1666362743156399104,-0.15393,-3.76164,0.34446,-0.19599,0.97911,0.02614,0.04739,-0.22912,-0.00049,-0.04844,
1666362743424627712,-0.22939,-3.77052,0.35035,-0.19633,0.97907,0.02631,0.04665,-0.23497,-0.01387,-0.03090,
1666362743693156352,-0.29923,-3.77072,0.34037,-0.19627,0.97908,0.02633,0.04673,-0.24712,-0.01257,-0.03099,
1666362743961985024,-0.36682,-3.77348,0.33178,-0.19631,0.97907,0.02637,0.04682,-0.24703,-0.01481,-0.03167,
1666362744235014144,-0.43098,-3.77419,0.32445,-0.19632,0.97907,0.02638,0.04672,-0.24140,-0.01641,-0.02603,
1666362744498442240,-0.49754,-3.77815,0.32039,-0.19636,0.97906,0.02656,0.04665,-0.24802,-0.03601,0.01259,
1666362744766670848,-0.56508,-3.78311,0.31965,-0.19625,0.97908,0.02658,0.04679,-0.24420,-0.03036,-0.00327,
1666362745035499520,-0.63342,-3.78752,0.31574,-0.19624,0.97908,0.02660,0.04682,-0.24869,-0.02637,-0.01291,
1666362745304328192,-0.70121,-3.79398,0.31456,-0.19627,0.97907,0.02671,0.04681,-0.25044,-0.02296,-0.01370,
1666362745572256768,-0.76912,-3.79927,0.31328,-0.19627,0.97907,0.02683,0.04677,-0.24713,-0.01951,-0.02137,
1666362745846185984,-0.83638,-3.80772,0.31242,-0.19631,0.97906,0.02698,0.04666,-0.24525,-0.01860,-0.01949,
1666362746142917632,-0.90461,-3.80653,0.30702,-0.19608,0.97910,0.02702,0.04677,-0.24147,-0.00667,-0.03448,
1666362746411146240,-0.97435,-3.81580,0.30364,-0.19614,0.97908,0.02719,0.04690,-0.24779,-0.01298,-0.02339,
1666362746679374848,-1.04431,-3.82388,0.30195,-0.19624,0.97906,0.02742,0.04673,-0.25500,-0.02565,0.01228,
1666362746947303424,-1.11000,-3.83131,0.29553,-0.19610,0.97907,0.02770,0.04681,-0.25464,-0.03272,0.01136,
1666362747215532032,-1.17775,-3.83902,0.29547,-0.19611,0.97907,0.02786,0.04677,-0.25704,-0.04612,0.02776,
1666362747488261120,-1.24330,-3.84370,0.29564,-0.19577,0.97914,0.02790,0.04668,-0.24626,-0.02791,0.01018,
1666362747750789120,-1.31666,-3.85577,0.29410,-0.19586,0.97910,0.02832,0.04690,-0.25408,-0.02183,0.00109,
1666362748019017728,-1.38434,-3.86127,0.28965,-0.19574,0.97912,0.02843,0.04689,-0.25238,-0.01333,-0.02038,
1666362748286946304,-1.45220,-3.86944,0.28183,-0.19589,0.97909,0.02871,0.04670,-0.24952,-0.01867,-0.03374,
1666362748555774976,-1.51946,-3.87635,0.27493,-0.19592,0.97909,0.02905,0.04639,-0.24970,-0.02378,-0.01981,
1666362748823103488,-1.59169,-3.88190,0.26738,-0.19590,0.97909,0.02925,0.04626,-0.26009,-0.04075,0.02245,
1666362749090432000,-1.65412,-3.88683,0.26409,-0.19592,0.97910,0.02933,0.04593,-0.24845,-0.01817,-0.02789,
1666362749357760512,-1.71740,-3.89431,0.26134,-0.19594,0.97911,0.02957,0.04554,-0.23870,-0.01860,-0.02670,
1666362749625989120,-1.77727,-3.88908,0.25168,-0.19588,0.97913,0.02958,0.04540,-0.22401,-0.00186,-0.03965,
