1666362609724667904,0.09168,-0.50853,0.71332,-0.29250,0.95461,-0.01336,-0.05463,0.05598,-0.25700,0.35140,
1666362609926289408,0.08706,-0.63027,0.74447,-0.33728,0.94010,-0.01343,-0.04761,0.04594,-0.31874,0.36225,
1666362610112009216,0.05608,-0.75017,0.88045,-0.34316,0.93901,-0.00397,-0.02208,0.03190,-0.34011,0.39235,
1666362610312130560,0.04696,-0.80200,0.91944,-0.35255,0.93566,-0.00219,-0.01570,0.02673,-0.32384,0.37944,
1666362610495750144,0.05064,-0.87079,0.97039,-0.35737,0.93386,-0.00085,-0.01408,0.03356,-0.34335,0.37310,
1666362610687170560,0.05144,-0.94126,1.03216,-0.36217,0.93202,-0.00027,-0.01266,0.02669,-0.34770,0.36785,
1666362610869289984,0.05487,-0.99874,1.09836,-0.36185,0.93214,-0.00057,-0.01324,0.02543,-0.34221,0.37287,
1666362611055609856,0.05836,-1.05676,1.17141,-0.36037,0.93269,-0.00159,-0.01502,0.02035,-0.33335,0.37330,
1666362611242529792,0.06226,-1.10406,1.20313,-0.36612,0.93043,-0.00194,-0.01619,0.01143,-0.01449,0.01172,
1666362611426149376,0.07311,-1.12101,1.20163,-0.37397,0.92675,-0.00130,-0.03581,0.01931,0.00702,-0.00548,
1666362611610369024,0.08430,-1.11520,1.20121,-0.37233,0.92707,-0.00178,-0.04369,0.05160,0.00361,-0.00036,
1666362611795488768,0.09980,-1.10920,1.19824,-0.37166,0.92739,-0.00221,-0.04254,0.10318,0.01110,-0.00021,
1666362611987509248,0.12707,-1.10304,1.19492,-0.37000,0.92821,-0.00236,-0.03901,0.15360,0.01791,-0.00374,
1666362612175929344,0.16172,-1.09664,1.19156,-0.36831,0.92904,-0.00261,-0.03515,0.19591,0.01544,-0.00322,
1666362612358948864,0.20854,-1.09296,1.18657,-0.36756,0.92947,-0.00219,-0.03138,0.23544,0.01391,-0.00929,
1666362612547068928,0.26512,-1.11854,1.21846,-0.36937,0.92799,-0.00911,-0.04821,0.25447,-0.02313,0.03111,
1666362612738189312,0.30898,-1.08901,1.19206,-0.36568,0.93013,-0.00498,-0.03331,0.28158,0.00476,-0.00033,
1666362612935610368,0.36500,-1.08242,1.18721,-0.35785,0.93324,-0.00468,-0.03149,0.29492,-0.00633,0.00414,
1666362613122830336,0.42092,-1.07567,1.17943,-0.35946,0.93284,-0.00278,-0.02436,0.31605,0.00631,-0.00704,
1666362613312450560,0.47798,-1.06525,1.17423,-0.35570,0.93435,-0.00242,-0.02131,0.32600,0.01426,-0.01581,
1666362613511371776,0.54406,-1.06334,1.17059,-0.35511,0.93457,-0.00276,-0.02160,0.33300,0.01420,-0.01774,
1666362613711193088,0.60930,-1.05823,1.16833,-0.35274,0.93548,-0.00292,-0.02103,0.34154,0.01278,-0.01706,
1666362613908614144,0.67515,-1.05564,1.16460,-0.35261,0.93552,-0.00342,-0.02127,0.34888,0.01206,-0.01889,
1666362614107235328,0.74253,-1.05489,1.15940,-0.35151,0.93596,-0.00329,-0.02046,0.35137,0.00850,-0.01915,
1666362614302256128,0.80833,-1.05145,1.15290,-0.35165,0.93590,-0.00346,-0.02040,0.34745,0.01404,-0.02278,
1666362614496076800,0.87303,-1.05045,1.14753,-0.35076,0.93625,-0.00335,-0.01993,0.34816,0.01008,-0.02264,
1666362614694697984,0.94113,-1.04952,1.14307,-0.35055,0.93633,-0.00335,-0.01958,0.35244,0.01188,-0.01954,
1666362614891218944,1.00694,-1.04872,1.14427,-0.34955,0.93671,-0.00303,-0.01928,0.34661,0.01480,-0.01275,
1666362615084439552,1.06701,-1.04847,1.13902,-0.34907,0.93689,-0.00316,-0.01932,0.34479,0.00946,-0.01202,
1666362615281860608,1.12238,-1.04722,1.14439,-0.34657,0.93784,-0.00255,-0.01833,0.33772,0.00529,-0.00188,
1666362615478081536,1.19269,-1.04682,1.13974,-0.34710,0.93764,-0.00265,-0.01858,0.34415,0.00757,-0.00168,
1666362615681803264,1.26095,-1.04395,1.13629,-0.34760,0.93746,-0.00276,-0.01856,0.34008,0.00730,-0.00380,
1666362615889425408,1.33173,-1.03945,1.13086,-0.34816,0.93724,-0.00296,-0.01873,0.33626,0.00890,-0.00762,
1666362616085046272,1.39887,-1.03933,1.12236,-0.34877,0.93701,-0.00296,-0.01887,0.33331,0.00517,-0.01688,
1666362616282767360,1.44115,-1.04353,1.14382,-0.34364,0.93887,-0.00293,-0.02043,0.32453,0.00253,0.00806,
1666362616478688256,1.52391,-1.04843,1.11679,-0.34784,0.93735,-0.00275,-0.01925,0.33397,-0.00475,-0.01573,
1666362616662907904,1.58697,-1.04956,1.11402,-0.34800,0.93730,-0.00266,-0.01910,0.34101,-0.00718,-0.01399,
1666362616861829120,1.65371,-1.04821,1.11095,-0.34805,0.93728,-0.00241,-0.01918,0.34317,-0.00012,-0.01135,
1666362617055949824,1.72131,-1.04407,1.09990,-0.34862,0.93707,-0.00251,-0.01907,0.34165,0.00947,-0.01678,
1666362617248570368,1.72291,-1.04273,1.16982,-0.33123,0.94299,-0.00621,-0.03181,0.31310,0.00972,0.09102,
1666362617435790336,1.84867,-1.05208,1.10565,-0.34780,0.93735,-0.00259,-0.01994,0.34187,-0.07670,0.08725,
1666362617622410240,1.91408,-1.06040,1.10448,-0.34833,0.93717,-0.00223,-0.01948,0.34456,-0.01930,0.00175,
1666362617800029184,1.97420,-1.06823,1.10826,-0.34843,0.93713,-0.00216,-0.01919,0.34187,-0.01385,-0.00782,
1666362618000750592,2.03709,-1.07557,1.11068,-0.34830,0.93718,-0.00211,-0.01938,0.33410,-0.01535,0.00034,
1666362618188270592,2.09661,-1.07540,1.12031,-0.34837,0.93718,-0.00195,-0.01826,0.33152,-0.01905,0.01637,
1666362618382991360,2.15913,-1.07638,1.11597,-0.34840,0.93717,-0.00189,-0.01831,0.32684,0.00693,-0.02151,
1666362618573211648,2.21999,-1.07338,1.11228,-0.34837,0.93718,-0.00195,-0.01810,0.32548,0.00733,-0.01899,
1666362618758931456,2.26324,-1.11609,1.11397,-0.34750,0.93751,-0.00074,-0.01804,0.31432,-0.04248,-0.00973,
1666362618944351232,2.33878,-1.07748,1.11178,-0.34820,0.93725,-0.00175,-0.01762,0.32439,-0.03963,0.02797,
1666362619133371392,2.39685,-1.07240,1.11359,-0.34791,0.93736,-0.00190,-0.01735,0.31737,0.00965,-0.01386,
1666362619328392192,2.45431,-1.07046,1.11170,-0.34768,0.93745,-0.00187,-0.01714,0.31005,0.00995,-0.01721,
1666362619522512896,2.51166,-1.08324,1.10646,-0.34769,0.93745,-0.00162,-0.01714,0.30671,-0.00871,-0.01593,
1666362619712733184,2.57898,-1.06284,1.10886,-0.34756,0.93751,-0.00193,-0.01665,0.31574,-0.01875,0.02622,
1666362619917054976,2.64277,-1.06129,1.11334,-0.34712,0.93768,-0.00197,-0.01621,0.31167,0.03324,-0.02356,
1666362620112075776,2.70449,-1.06316,1.11410,-0.34699,0.93773,-0.00187,-0.01588,0.31171,0.02613,-0.02125,
1666362620301996032,2.75156,-1.08476,1.12664,-0.34591,0.93815,-0.00098,-0.01484,0.30176,-0.04144,0.03402,
1666362620492516352,2.80954,-1.05834,1.11201,-0.34670,0.93785,-0.00215,-0.01490,0.28955,0.00936,-0.00744,
1666362620682736640,2.85085,-1.05400,1.12385,-0.34548,0.93833,-0.00170,-0.01333,0.27485,0.00677,0.00583,
1666362620881957888,2.90967,-1.04716,1.10565,-0.34637,0.93799,-0.00247,-0.01413,0.26675,0.01072,-0.00315,
1666362621073078272,2.95254,-1.04945,1.10925,-0.34604,0.93812,-0.00268,-0.01380,0.25126,0.00479,0.00758,
1666362621254297600,2.99087,-1.04960,1.10883,-0.34591,0.93817,-0.00272,-0.01342,0.23281,0.01102,0.00079,
1666362621439417344,3.02540,-1.04736,1.10439,-0.34583,0.93820,-0.00277,-0.01327,0.21192,0.01310,0.00291,
1666362621632637952,3.05752,-1.04957,1.10150,-0.34567,0.93826,-0.00273,-0.01317,0.18747,0.00987,0.00347,
1666362621820457984,3.08125,-1.05702,1.10671,-0.34511,0.93846,-0.00273,-0.01364,0.16790,-0.02134,0.03609,
1666362622025979904,3.11130,-1.05840,1.10937,-0.34496,0.93853,-0.00302,-0.01273,0.15324,0.00990,0.00113,
1666362622215600128,3.12840,-1.05977,1.10824,-0.34456,0.93867,-0.00271,-0.01321,0.12683,0.00817,-0.00281,
1666362622415421440,3.13805,-1.05706,1.10118,-0.34434,0.93873,-0.00245,-0.01423,0.09310,0.01057,-0.00926,
1666362622604141568,3.14753,-1.05302,1.09150,-0.34443,0.93868,-0.00226,-0.01533,0.06643,0.01394,-0.01256,
1666362622793761792,3.15536,-1.05255,1.09102,-0.34450,0.93865,-0.00210,-0.01583,0.04843,0.00187,0.01234,
1666362622995983360,3.12376,-1.08825,1.14728,-0.33952,0.94050,0.00041,-0.01342,0.04242,-0.01963,0.03020,
1666362623184403456,3.17157,-1.05124,1.08583,-0.34419,0.93873,-0.00214,-0.01795,0.03336,0.01604,-0.00857,
1666362623381824512,3.17589,-1.04994,1.08193,-0.34425,0.93870,-0.00208,-0.01817,0.02602,0.01744,-0.01107,
1666362623574745088,3.17555,-1.05018,1.08573,-0.34401,0.93880,-0.00217,-0.01768,0.01609,-0.00274,0.02253,
1666362623767965696,3.17984,-1.05021,1.08453,-0.34411,0.93875,-0.00198,-0.01847,0.01545,0.02227,-0.00880,
1666362623952185344,3.18397,-1.04766,1.08086,-0.34425,0.93869,-0.00191,-0.01865,0.00890,0.02288,-0.00891,
1666362624137005056,3.18722,-1.05086,1.08069,-0.34429,0.93868,-0.00177,-0.01879,0.00567,0.01319,-0.00540,
1666362624317624320,3.18509,-1.05397,1.08391,-0.35133,0.93607,-0.00178,-0.01835,-0.00705,0.01178,-0.00297,
1666362624498843648,3.18140,-1.05952,1.08655,-0.35963,0.93290,-0.00169,-0.01891,-0.00648,-0.04506,0.00545,
1666362624671362048,3.17838,-1.07557,1.07353,-0.36093,0.93239,-0.00166,-0.01917,-0.01410,-0.11517,-0.00444,
1666362624859182080,3.16619,-1.13164,1.05680,-0.35837,0.93338,-0.00079,-0.01923,-0.02014,-0.18883,-0.02168,
1666362625057803264,3.16006,-1.14134,1.03516,-0.35521,0.93458,-0.00150,-0.01982,-0.03863,-0.22586,-0.03524,
1666362625231521792,3.15408,-1.17192,1.00757,-0.35209,0.93575,-0.00150,-0.02008,-0.04062,-0.25183,-0.05750,
1666362625413341184,3.11814,-1.09736,0.97067,-0.34927,0.93688,-0.00229,-0.01649,-0.10155,-0.08786,-0.07431,
1666362625587959808,3.14940,-1.25093,0.95377,-0.34655,0.93782,-0.00096,-0.01984,-0.03202,-0.28647,-0.09168,
1666362625782380544,3.14871,-1.29660,0.90847,-0.34260,0.93933,0.00016,-0.01677,-0.02589,-0.29326,-0.14286,
1666362625986402304,3.14135,-1.36194,0.88204,-0.34257,0.93926,-0.00096,-0.02082,-0.02703,-0.31478,-0.13699,
1666362626183223296,3.13322,-1.42074,0.83836,-0.34144,0.93961,-0.00171,-0.02327,-0.03091,-0.31989,-0.15447,
1666362626372843520,3.11880,-1.45877,0.77886,-0.34101,0.93989,0.00014,-0.01813,-0.04357,-0.30981,-0.18482,
1666362626564563968,3.12963,-1.50848,0.71782,-0.34045,0.94007,-0.00054,-0.01925,-0.02681,-0.30425,-0.21466,
1666362626759584768,3.12418,-1.56665,0.68106,-0.33854,0.94073,-0.00088,-0.02030,-0.02599,-0.30337,-0.21443,
1666362626954605568,3.12879,-1.61596,0.63151,-0.33876,0.94068,-0.00067,-0.01906,-0.01991,-0.29813,-0.23174,
1666362627145125888,3.12263,-1.67580,0.58506,-0.33864,0.94064,-0.00173,-0.02250,-0.02010,-0.29907,-0.23917,
1666362627335046144,3.12424,-1.73222,0.54043,-0.33852,0.94075,-0.00078,-0.01958,-0.01692,-0.29794,-0.24514,
1666362627534567424,3.11276,-1.80202,0.48538,-0.33824,0.94081,-0.00119,-0.02148,-0.01597,-0.31499,-0.25063,
1666362627729588224,3.11534,-1.85077,0.42927,-0.33827,0.94084,-0.00094,-0.01980,-0.00889,-0.31321,-0.26336,
1666362627936910336,3.11000,-1.91347,0.37428,-0.33820,0.94084,-0.00133,-0.02092,-0.00799,-0.31034,-0.26633,
1666362628133731328,3.11219,-1.98423,0.31130,-0.33814,0.94088,-0.00085,-0.01991,-0.00603,-0.31287,-0.27597,
1666362628329052160,3.10316,-2.04070,0.25536,-0.33808,0.94092,-0.00069,-0.01931,-0.01399,-0.31062,-0.28108,
1666362628568177664,3.08694,-2.12980,0.18215,-0.33753,0.94111,-0.00021,-0.01985,-0.02471,-0.32770,-0.28039,
1666362628760498176,3.09265,-2.18622,0.12354,-0.33787,0.94098,-0.00068,-0.02015,-0.02153,-0.32150,-0.28841,
1666362628952218624,3.10200,-2.24275,0.04963,-0.33775,0.94105,-0.00016,-0.01861,-0.01503,-0.31498,-0.30023,
1666362629139138560,3.08841,-2.30712,0.01426,-0.33699,0.94135,0.00091,-0.01707,-0.02700,-0.32201,-0.28617,
1666362629323058176,3.08239,-2.36086,-0.02625,-0.33612,0.94167,0.00123,-0.01661,-0.03108,-0.31530,-0.27988,
1666362629509378048,3.06463,-2.42223,-0.07209,-0.33595,0.94177,0.00283,-0.01435,-0.04110,-0.31509,-0.27306,
1666362629698698240,3.06986,-2.48183,-0.11559,-0.33564,0.94189,0.00313,-0.01361,-0.02716,-0.31934,-0.27156,
1666362629896119296,3.07277,-2.55110,-0.15607,-0.33555,0.94192,0.00339,-0.01326,-0.02040,-0.39159,-0.18796,
1666362630086339584,3.08141,-2.60426,-0.23811,-0.33635,0.94151,0.00038,-0.02067,-0.00690,-0.37111,-0.21960,
1666362630280160256,3.03264,-2.70328,-0.24295,-0.33419,0.94196,-0.00244,-0.03185,-0.02206,-0.38674,-0.19148,
1666362630475181056,3.01823,-2.76995,-0.27941,-0.33416,0.94182,-0.00381,-0.03610,-0.03148,-0.32032,-0.26661,
1666362630675302400,3.02542,-2.83509,-0.34126,-0.33411,0.94191,-0.00271,-0.03406,-0.03456,-0.31017,-0.28005,
1666362630862522368,3.01772,-2.89752,-0.37686,-0.33324,0.94212,-0.00347,-0.03681,-0.02820,-0.31815,-0.26870,
1666362631062943744,3.01772,-2.96299,-0.41938,-0.33276,0.94228,-0.00343,-0.03703,-0.02593,-0.33653,-0.23642,
1666362631258564608,3.04227,-3.01832,-0.47979,-0.33208,0.94276,-0.00091,-0.03047,-0.01683,-0.31655,-0.25845,
1666362631453585408,3.13277,-3.06925,-0.52493,-0.33615,0.94164,0.01413,0.01057,0.00027,-0.31670,-0.24054,
1666362631650406400,3.13460,-3.12433,-0.56546,-0.33655,0.94148,0.01462,0.01137,0.00047,-0.30312,-0.24403,
1666362631850227712,3.12864,-3.17072,-0.60603,-0.33285,0.94285,0.01317,0.00797,-0.00575,-0.28075,-0.25246,
1666362632039847936,3.13410,-3.23102,-0.64000,-0.33241,0.94299,0.01388,0.00941,-0.00494,-0.27849,-0.24417,
1666362632212666368,3.13670,-3.27637,-0.67771,-0.33189,0.94316,0.01412,0.00971,0.00084,-0.26209,-0.24337,
1666362632414287872,3.15155,-3.30801,-0.73090,-0.33050,0.94368,0.01304,0.00841,0.01271,-0.23532,-0.25754,
1666362632611408896,3.14930,-3.38455,-0.76001,-0.32980,0.94389,0.01451,0.01004,0.00764,-0.28258,-0.18151,
1666362632805829632,3.15150,-3.42696,-0.79729,-0.32895,0.94417,0.01475,0.01075,0.00130,-0.22917,-0.21759,
1666362632995749888,3.16233,-3.46229,-0.84496,-0.32795,0.94453,0.01455,0.01025,0.01045,-0.20240,-0.22599,
1666362633179069440,3.15960,-3.50893,-0.86255,-0.32694,0.94485,0.01544,0.01180,0.00609,-0.19217,-0.20085,
1666362633362689024,3.16018,-3.53643,-0.88467,-0.32607,0.94513,0.01570,0.01297,0.00398,-0.16824,-0.19416,
1666362633542108160,3.16837,-3.55828,-0.91575,-0.32527,0.94540,0.01544,0.01335,0.00458,-0.17257,-0.15079,
1666362633722127360,3.16596,-3.58883,-0.92549,-0.32319,0.94609,0.01612,0.01461,0.00007,-0.12235,-0.16543,
1666362633901846528,3.16783,-3.60651,-0.93703,-0.32289,0.94617,0.01643,0.01555,-0.00467,-0.09036,-0.15242,
1666362634089066496,3.16872,-3.62064,-0.93825,-0.32299,0.94611,0.01684,0.01639,-0.00376,-0.06579,-0.13386,
1666362634267585536,3.18265,-3.60540,-0.96848,-0.32421,0.94570,0.01631,0.01665,0.00439,-0.02969,-0.14091,
1666362634443704320,3.16427,-3.64229,-0.95469,-0.32171,0.94652,0.01711,0.01739,-0.00399,-0.03102,-0.10469,
1666362634621923328,3.16531,-3.64849,-0.95431,-0.32036,0.94697,0.01716,0.01794,-0.00644,-0.07034,-0.01859,
1666362634797142016,3.16619,-3.65275,-0.94776,-0.32090,0.94678,0.01720,0.01839,-0.00646,-0.01238,-0.06254,
1666362634975661056,3.16711,-3.65373,-0.94441,-0.32107,0.94671,0.01729,0.01876,-0.00621,-0.00379,-0.05468,
1666362635150879744,3.16797,-3.65338,-0.94167,-0.32061,0.94686,0.01741,0.01907,-0.00488,0.00107,-0.04007,
1666362635337199616,3.14077,-3.61620,-0.84262,-0.31489,0.94877,0.01759,0.01907,-0.00587,0.00320,0.03362,
1666362635514218496,3.16619,-3.65583,-0.94297,-0.31924,0.94716,0.01431,0.02783,-0.02104,0.01200,-0.01370,
1666362635701438464,3.16131,-3.65689,-0.93832,-0.32049,0.94657,0.01275,0.03350,-0.06019,0.00210,0.00300,
1666362635884758016,3.14691,-3.65787,-0.93166,-0.32062,0.94654,0.01319,0.03317,-0.11122,0.00265,0.01270,
1666362636083679232,3.12094,-3.65902,-0.93469,-0.32042,0.94669,0.01373,0.03022,-0.15431,0.00227,0.00820,
1666362636272099328,3.08566,-3.65732,-0.93598,-0.32055,0.94671,0.01455,0.02778,-0.19833,-0.00605,0.00900,
1666362636455718912,3.04537,-3.65816,-0.93656,-0.32075,0.94669,0.01523,0.02567,-0.22965,-0.00690,0.01226,
1666362636649839616,2.99685,-3.65730,-0.93938,-0.32083,0.94671,0.01574,0.02367,-0.26026,-0.01250,0.01386,
1666362636845760512,2.94409,-3.65987,-0.93601,-0.32083,0.94673,0.01631,0.02239,-0.27642,-0.01189,0.02095,
1666362637065683968,2.87263,-3.65774,-0.93563,-0.31726,0.94806,0.01504,0.01744,-0.30708,-0.00577,0.01078,
1666362637251403776,2.81359,-3.64842,-0.93361,-0.31358,0.94938,0.01370,0.01255,-0.32173,0.01036,0.00209,
1666362637444924416,2.75072,-3.65487,-0.92985,-0.31358,0.94939,0.01378,0.01172,-0.33044,-0.00348,0.00759,
1666362637634544640,2.69262,-3.66381,-0.93446,-0.31411,0.94922,0.01394,0.01117,-0.33557,-0.01655,0.00485,
1666362637828365312,2.63305,-3.66440,-0.93835,-0.31383,0.94933,0.01361,0.00994,-0.33543,-0.01615,-0.00251,
1666362638016485376,2.57302,-3.66981,-0.94015,-0.31419,0.94921,0.01396,0.00973,-0.34032,-0.02660,-0.00396,
1666362638211806208,2.50591,-3.67595,-0.94078,-0.31420,0.94920,0.01412,0.00955,-0.34735,-0.03645,-0.00089,
1666362638401126400,2.44782,-3.67110,-0.94943,-0.31435,0.94917,0.01365,0.00902,-0.34251,-0.03085,-0.00501,
1666362638594347008,2.38402,-3.67036,-0.95432,-0.31464,0.94907,0.01370,0.00908,-0.34535,-0.03242,-0.00278,
1666362638780666880,2.32891,-3.66210,-0.96645,-0.31484,0.94900,0.01348,0.00932,-0.33937,-0.02400,-0.01724,
1666362638981088256,2.26131,-3.66783,-0.95481,-0.31477,0.94903,0.01347,0.00883,-0.33946,-0.03037,-0.00988,
1666362639175809024,2.20172,-3.66765,-0.95440,-0.31488,0.94900,0.01346,0.00878,-0.33418,-0.02406,-0.00454,
1666362639371729920,2.14882,-3.64153,-0.96838,-0.31455,0.94911,0.01303,0.00942,-0.33558,0.01051,-0.01400,
1666362639571251200,2.08392,-3.66317,-0.95826,-0.31497,0.94897,0.01306,0.00854,-0.32859,-0.02557,-0.00228,
1666362639777073152,2.02035,-3.66300,-0.95924,-0.31515,0.94892,0.01298,0.00850,-0.32551,-0.02164,-0.00222,
1666362639982895104,1.95315,-3.66762,-0.96003,-0.31516,0.94891,0.01303,0.00853,-0.32697,-0.02261,-0.00381,
1666362640170115072,1.89963,-3.65684,-0.95630,-0.31520,0.94891,0.01259,0.00819,-0.31605,-0.01617,-0.00260,
1666362640361235456,1.86391,-3.64398,-0.98800,-0.31529,0.94887,0.01258,0.00904,-0.30759,0.00003,-0.03715,
1666362640573058048,1.78921,-3.65014,-0.97736,-0.31538,0.94885,0.01229,0.00845,-0.30565,-0.01334,-0.01713,
1666362640776479744,1.71846,-3.64849,-0.98474,-0.31544,0.94883,0.01233,0.00856,-0.31184,-0.01080,-0.01704,
1666362640988302336,1.67279,-3.64815,-1.01349,-0.31548,0.94881,0.01236,0.00909,-0.30913,-0.00643,-0.03467,
1666362641193524224,1.59943,-3.64345,-1.00462,-0.31555,0.94879,0.01212,0.00870,-0.31262,-0.00906,-0.01985,
1666362641390345216,1.59628,-3.60884,-1.05621,-0.31581,0.94869,0.01177,0.01033,-0.29144,0.04191,-0.06692,
1666362641588066304,1.48606,-3.62894,-1.02848,-0.31577,0.94871,0.01213,0.00922,-0.30592,0.00309,-0.02972,
1666362641785187328,1.40679,-3.62823,-1.00406,-0.31559,0.94878,0.01204,0.00868,-0.31741,-0.00577,-0.00528,
1666362641985908736,1.33982,-3.62554,-0.99690,-0.31555,0.94880,0.01185,0.00844,-0.31130,0.00087,-0.00517,
1666362642182729728,1.28724,-3.63323,-1.01634,-0.31569,0.94875,0.01201,0.00883,-0.31278,-0.00906,-0.01587,
1666362642383151104,1.22601,-3.63086,-1.01217,-0.31572,0.94874,0.01187,0.00851,-0.30576,-0.01207,-0.00630,
1666362642578471936,1.17395,-3.63080,-1.02631,-0.31572,0.94873,0.01204,0.00883,-0.30268,-0.01371,-0.01762,
1666362642774692864,1.11675,-3.63480,-1.02544,-0.31598,0.94865,0.01173,0.00856,-0.29497,-0.02474,-0.01820,
1666362642972413952,1.04358,-3.62819,-1.01802,-0.31589,0.94869,0.01155,0.00843,-0.30457,-0.01832,-0.00105,
1666362643168634880,0.98139,-3.62453,-1.01529,-0.31598,0.94866,0.01137,0.00828,-0.30475,-0.01319,-0.00251,
1666362643366055936,0.92967,-3.62635,-1.02074,-0.31605,0.94864,0.01133,0.00834,-0.29514,-0.01420,-0.01563,
1666362643576378368,0.86652,-3.62566,-1.01883,-0.31616,0.94861,0.01114,0.00813,-0.28885,-0.01432,-0.00359,
1666362643796301824,0.80352,-3.62564,-1.01796,-0.31614,0.94861,0.01098,0.00804,-0.29046,-0.01184,0.00141,
1666362643992522752,0.74407,-3.62403,-1.01326,-0.31625,0.94858,0.01072,0.00778,-0.28762,-0.01529,0.00750,
1666362644192944128,0.68410,-3.62505,-1.01150,-0.31622,0.94860,0.01048,0.00742,-0.28640,-0.01137,0.00356,
1666362644388264960,0.62466,-3.62158,-1.01133,-0.31620,0.94861,0.01038,0.00735,-0.28429,-0.00783,-0.00090,
1666362644594686976,0.56415,-3.62574,-1.02047,-0.31616,0.94862,0.01044,0.00735,-0.28363,-0.01670,-0.00673,
1666362644806809600,0.50799,-3.63600,-1.02424,-0.31632,0.94856,0.01060,0.00726,-0.28189,-0.01373,-0.00060,
1666362645013831680,0.47029,-3.61228,-1.03569,-0.31603,0.94866,0.00995,0.00785,-0.26827,0.02236,-0.01440,
1666362645212452864,0.39355,-3.62763,-1.03020,-0.31617,0.94862,0.01022,0.00732,-0.27836,-0.00344,-0.00512,
1666362645412574208,0.33228,-3.61950,-1.02985,-0.31611,0.94864,0.00997,0.00726,-0.28045,0.00385,-0.00341,
1666362645608495104,0.27570,-3.61736,-1.03204,-0.31609,0.94865,0.00994,0.00720,-0.27830,0.00758,-0.00465,
1666362645806516224,0.22500,-3.61625,-1.03514,-0.31607,0.94866,0.00982,0.00709,-0.27234,0.00445,-0.00484,
1666362646016538624,0.17027,-3.61931,-1.04821,-0.31619,0.94862,0.00988,0.00728,-0.26933,0.00091,-0.00278,
1666362646221160448,0.11615,-3.61966,-1.04832,-0.31624,0.94860,0.00988,0.00721,-0.26466,-0.00732,0.00048,
1666362646416181248,0.05866,-3.61956,-1.05242,-0.31615,0.94863,0.00996,0.00720,-0.27159,-0.00358,-0.00325,
1666362646612702208,0.00173,-3.61717,-1.05132,-0.31620,0.94862,0.00979,0.00714,-0.27381,-0.00383,0.00111,
1666362646809523200,-0.05496,-3.61784,-1.04860,-0.31629,0.94859,0.00977,0.00703,-0.27378,-0.00671,0.00492,
1666362647015045120,-0.11231,-3.61645,-1.05168,-0.31618,0.94862,0.00976,0.00697,-0.26771,0.00123,0.00338,
1666362647214266368,-0.16507,-3.61650,-1.05125,-0.31617,0.94863,0.00972,0.00691,-0.26602,0.00387,0.00893,
1666362647410787328,-0.21950,-3.61725,-1.05331,-0.31619,0.94862,0.00981,0.00681,-0.26648,-0.00454,0.00792,
1666362647609708544,-0.27581,-3.61730,-1.05276,-0.31621,0.94861,0.00960,0.00696,-0.26792,-0.00470,0.00918,
1666362647783427072,-0.32498,-3.61493,-1.05254,-0.31616,0.94863,0.00949,0.00694,-0.26833,-0.04807,0.05836,
1666362647990149120,-0.38098,-3.61152,-1.05105,-0.31613,0.94865,0.00914,0.00693,-0.26237,-0.02257,0.01704,
1666362648192370688,-0.44027,-3.61789,-1.04706,-0.31602,0.94868,0.00923,0.00689,-0.26091,0.00602,-0.01736,
1666362648400592896,-0.49873,-3.62118,-1.04374,-0.31585,0.94874,0.00915,0.00695,-0.25745,0.00066,-0.00705,
1666362648602214400,-0.55903,-3.63254,-1.04268,-0.31589,0.94872,0.00943,0.00713,-0.26112,-0.02164,0.00673,
1666362648797835264,-0.61546,-3.62516,-1.04012,-0.31575,0.94877,0.00913,0.00718,-0.25700,-0.04135,0.05110,
1666362649003357184,-0.67219,-3.62219,-1.03597,-0.31554,0.94884,0.00902,0.00739,-0.25760,-0.02336,0.03974,
1666362649199278080,-0.72715,-3.62794,-1.03262,-0.31543,0.94888,0.00905,0.00739,-0.26097,0.00551,-0.00499,
1666362649401199616,-0.78131,-3.62772,-1.02711,-0.31534,0.94891,0.00895,0.00749,-0.26573,0.00129,-0.00423,
1666362649599820800,-0.83785,-3.63513,-1.02578,-0.31533,0.94891,0.00914,0.00750,-0.27286,-0.01467,0.00733,
1666362649808943104,-0.89645,-3.63972,-1.02540,-0.31526,0.94893,0.00944,0.00781,-0.27699,-0.04078,0.03404,
1666362650029466624,-0.96030,-3.64513,-1.02286,-0.31512,0.94897,0.00946,0.00779,-0.27986,-0.05239,0.04560,
1666362650269492224,-1.02693,-3.64832,-1.02452,-0.31504,0.94899,0.00979,0.00816,-0.28448,-0.05227,0.04603,
1666362650464513024,-1.07998,-3.65016,-1.02443,-0.31516,0.94896,0.00964,0.00813,-0.27461,-0.00732,-0.01929,
1666362650684136448,-1.13763,-3.64866,-1.02166,-0.31539,0.94888,0.00970,0.00825,-0.27516,0.00232,-0.01742,
1666362650904659968,-1.19985,-3.65347,-1.01690,-0.31550,0.94884,0.00960,0.00817,-0.27302,-0.01214,0.00371,
1666362651114982400,-1.25957,-3.66283,-1.01467,-0.31561,0.94880,0.01013,0.00823,-0.28435,-0.02727,0.01174,
1666362651314203648,-1.31508,-3.64467,-1.01422,-0.31542,0.94887,0.00949,0.00819,-0.28031,-0.00550,-0.00268,
1666362651522125824,-1.37276,-3.64735,-1.01472,-0.31537,0.94888,0.00997,0.00795,-0.27900,-0.00587,-0.00633,
1666362651719846912,-1.42329,-3.64637,-1.01486,-0.31537,0.94889,0.00983,0.00753,-0.26956,-0.00640,-0.00477,
1666362651931069440,-1.47629,-3.64485,-1.01311,-0.31523,0.94894,0.01000,0.00727,-0.26642,-0.00277,-0.00261,
1666362652133291008,-1.53207,-3.64703,-1.01490,-0.31531,0.94891,0.01014,0.00717,-0.26552,0.00017,-0.00996,
1666362652325311488,-1.58470,-3.64929,-1.01774,-0.31540,0.94888,0.01049,0.00697,-0.26389,0.00014,-0.01425,
1666362652518532096,-1.63648,-3.65570,-1.02193,-0.31555,0.94882,0.01082,0.00677,-0.26357,-0.00851,-0.01451,
1666362652710552576,-1.68892,-3.65616,-1.02195,-0.31554,0.94882,0.01112,0.00678,-0.26179,-0.01348,0.00342,
1666362652922675200,-1.74465,-3.66036,-1.02412,-0.31552,0.94883,0.01132,0.00642,-0.25876,-0.00957,-0.00212,
1666362653115895808,-1.79455,-3.65967,-1.02544,-0.31549,0.94884,0.01153,0.00624,-0.25135,-0.03010,0.02689,
1666362653298015232,-1.83823,-3.66375,-1.02523,-0.31554,0.94882,0.01169,0.00587,-0.24476,-0.01148,-0.00220,
1666362653490035712,-1.88069,-3.65598,-1.02800,-0.31542,0.94886,0.01168,0.00573,-0.23441,-0.00206,-0.00386,
1666362653688356864,-1.92561,-3.65970,-1.02851,-0.31540,0.94887,0.01188,0.00522,-0.22591,-0.04598,0.04641,
1666362653880977408,-1.95800,-3.65207,-1.02815,-0.31540,0.94888,0.01163,0.00495,-0.20561,0.00366,-0.01153,
1666362654089799680,-2.00253,-3.65821,-1.03073,-0.31547,0.94885,0.01214,0.00450,-0.19393,0.00701,-0.01144,
1666362654285420544,-2.03411,-3.65540,-1.03429,-0.31543,0.94886,0.01221,0.00412,-0.17895,0.01050,-0.00922,
1666362654480141312,-2.06406,-3.65640,-1.03258,-0.31544,0.94886,0.01229,0.00385,-0.16231,-0.00928,0.01755,
1666362654673061888,-2.08753,-3.65282,-1.03394,-0.31527,0.94892,0.01197,0.00381,-0.14359,0.01021,-0.00858,
1666362654866282496,-2.11045,-3.64991,-1.03485,-0.31517,0.94895,0.01186,0.00353,-0.12352,0.01080,-0.01323,
1666362655048101888,-2.12985,-3.64728,-1.03765,-0.31518,0.94895,0.01174,0.00367,-0.10581,0.01215,-0.01510,
1666362655221520384,-2.14315,-3.64332,-1.04103,-0.31503,0.94900,0.01154,0.00382,-0.08865,0.01498,-0.01270,
1666362655420741632,-2.15978,-3.64588,-1.03741,-0.31514,0.94897,0.01155,0.00390,-0.07536,-0.00456,0.01016,
1666362655603761152,-2.16883,-3.64474,-1.03803,-0.31515,0.94896,0.01131,0.00435,-0.06186,0.00879,-0.00047,
1666362655803282432,-2.17774,-3.64347,-1.03864,-0.31511,0.94898,0.01101,0.00504,-0.04828,0.00980,-0.00443,
1666362655993502720,-2.18716,-3.64395,-1.03793,-0.31505,0.94900,0.01069,0.00571,-0.03800,0.00512,-0.00076,
1666362656188223488,-2.18927,-3.64227,-1.04107,-0.31509,0.94898,0.01058,0.00581,-0.02516,0.00126,-0.00441,
1666362656395245568,-2.19749,-3.64552,-1.03670,-0.31503,0.94900,0.01032,0.00657,-0.02232,-0.00533,0.00880,
1666362656597467136,-2.19650,-3.64337,-1.03805,-0.30557,0.95209,0.01000,0.00734,-0.01356,0.01882,0.00530,
1666362656793688064,-2.20126,-3.63742,-1.03630,-0.30240,0.95310,0.00989,0.00779,-0.00772,0.06021,0.00690,
1666362656989308928,-2.21031,-3.62481,-1.03313,-0.30297,0.95292,0.00973,0.00806,-0.00074,0.09924,0.01901,
1666362657184029696,-2.21492,-3.60685,-1.02136,-0.30439,0.95247,0.00964,0.00792,0.00337,0.13011,0.03232,
1666362657372749824,-2.21775,-3.58395,-1.00640,-0.30561,0.95208,0.00957,0.00769,0.00643,0.15808,0.04937,
1666362657569870848,-2.22058,-3.55558,-0.98906,-0.30684,0.95168,0.00949,0.00768,0.00135,0.17282,0.05724,
1666362657768492032,-2.22189,-3.52511,-0.96567,-0.30641,0.95183,0.00924,0.00689,-0.00204,0.18048,0.08376,
1666362657966213120,-2.22131,-3.49138,-0.94214,-0.30672,0.95173,0.00909,0.00660,-0.00330,0.18826,0.09920,
1666362658174735360,-2.22372,-3.45400,-0.91485,-0.30659,0.95178,0.00907,0.00623,-0.00500,0.19556,0.11404,
1666362658368556032,-2.22325,-3.41841,-0.88993,-0.30698,0.95165,0.00907,0.00614,-0.00285,0.19375,0.12514,
1666362658552775680,-2.22564,-3.38319,-0.86309,-0.30675,0.95173,0.00905,0.00582,-0.00531,0.19373,0.13249,
1666362658732194816,-2.22669,-3.34873,-0.83825,-0.30700,0.95165,0.00914,0.00583,-0.00467,0.19358,0.13223,
1666362658935616512,-2.22678,-3.30803,-0.81053,-0.30677,0.95172,0.00911,0.00546,0.00195,0.19831,0.13699,
1666362659134237696,-2.22708,-3.26765,-0.78274,-0.30692,0.95168,0.00912,0.00551,0.00053,0.20175,0.14225,
1666362659322357760,-2.22872,-3.22660,-0.75489,-0.30644,0.95183,0.00902,0.00519,-0.00532,0.20789,0.14336,
1666362659501776896,-2.22845,-3.18986,-0.73027,-0.30682,0.95171,0.00904,0.00535,-0.00226,0.20980,0.14308,
1666362659699497984,-2.22946,-3.14211,-0.69895,-0.30561,0.95210,0.00883,0.00462,-0.00147,0.21086,0.14795,
1666362659875916800,-2.22785,-3.10517,-0.67225,-0.30590,0.95201,0.00884,0.00450,0.00442,0.21812,0.15378,
1666362660058936320,-2.22661,-3.06388,-0.64646,-0.30567,0.95209,0.00871,0.00443,-0.00306,0.21614,0.15204,
1666362660248556544,-2.22717,-3.02516,-0.61880,-0.30603,0.95197,0.00883,0.00482,-0.00174,0.21295,0.15376,
1666362660428275712,-2.22674,-2.98842,-0.59578,-0.30642,0.95184,0.00888,0.00517,-0.00577,0.20852,0.15303,
1666362660607094784,-2.22959,-2.95639,-0.57119,-0.30699,0.95165,0.00898,0.00566,-0.00807,0.20670,0.15179,
1666362660797615104,-2.22939,-2.91393,-0.54398,-0.30685,0.95170,0.00895,0.00559,-0.00386,0.21091,0.14746,
1666362660992035840,-2.22796,-2.87505,-0.51692,-0.30694,0.95167,0.00899,0.00560,-0.00013,0.20882,0.14459,
1666362661166954496,-2.22798,-2.83803,-0.49445,-0.30702,0.95164,0.00902,0.00565,-0.00426,0.20618,0.14765,
1666362661352974336,-2.22633,-2.79414,-0.46737,-0.30676,0.95173,0.00889,0.00567,-0.00525,0.20962,0.14909,
1666362661532393472,-2.22538,-2.75342,-0.44138,-0.30657,0.95179,0.00874,0.00549,-0.00726,0.21049,0.15127,
1666362661712412672,-2.22607,-2.71803,-0.41549,-0.30675,0.95173,0.00875,0.00551,-0.00405,0.20979,0.14986,
1666362661892431872,-2.22725,-2.68268,-0.39149,-0.30691,0.95168,0.00868,0.00566,-0.00072,0.21194,0.14836,
1666362662076051456,-2.22674,-2.64373,-0.36597,-0.30686,0.95170,0.00863,0.00563,-0.00120,0.21712,0.14870,
1666362662251570176,-2.22543,-2.60189,-0.34019,-0.30661,0.95178,0.00858,0.00551,-0.00164,0.21191,0.14922,
1666362662450491392,-2.22675,-2.56143,-0.31035,-0.30662,0.95178,0.00851,0.00545,-0.00403,0.20848,0.15176,
1666362662650612736,-2.22580,-2.51742,-0.28427,-0.30666,0.95176,0.00844,0.00565,-0.00384,0.21450,0.14949,
1666362662845333504,-2.22693,-2.47797,-0.25532,-0.30676,0.95173,0.00842,0.00562,0.00004,0.21357,0.15026,
1666362663044554752,-2.22735,-2.43777,-0.22976,-0.30690,0.95169,0.00843,0.00576,-0.00167,0.21115,0.15078,
1666362663224273920,-2.22725,-2.40267,-0.20456,-0.30701,0.95165,0.00841,0.00580,-0.00245,0.20973,0.15139,
1666362663407293440,-2.22671,-2.36297,-0.18030,-0.30697,0.95166,0.00841,0.00582,-0.00419,0.21180,0.14879,
1666362663585512448,-2.22795,-2.32776,-0.15390,-0.30701,0.95165,0.00840,0.00580,-0.00742,0.20853,0.15081,
1666362663754730496,-2.22820,-2.29915,-0.13541,-0.30738,0.95153,0.00852,0.00605,-0.00775,0.20529,0.14534,
1666362663948251136,-2.22963,-2.25774,-0.10555,-0.30725,0.95157,0.00843,0.00599,-0.00552,0.20406,0.14507,
1666362664133070848,-2.22961,-2.21989,-0.08012,-0.30731,0.95155,0.00841,0.00594,-0.00569,0.20913,0.14302,
1666362664313690112,-2.23050,-2.18236,-0.05455,-0.30730,0.95156,0.00838,0.00591,-0.00771,0.20798,0.14257,
1666362664478407680,-2.22967,-2.14974,-0.03588,-0.30737,0.95153,0.00840,0.00609,-0.00505,0.20386,0.13805,
1666362664642825216,-2.22908,-2.11312,-0.00870,-0.30715,0.95161,0.00837,0.00598,-0.00301,0.20261,0.14286,
1666362664835445760,-2.22820,-2.07431,0.01846,-0.30704,0.95164,0.00836,0.00587,-0.00538,0.20344,0.14248,
1666362665024165888,-2.22818,-2.03951,0.04035,-0.30725,0.95157,0.00844,0.00596,-0.01007,0.20321,0.13792,
1666362665215886336,-2.22771,-1.99847,0.06551,-0.30705,0.95164,0.00831,0.00586,-0.00755,0.20134,0.13830,
1666362665405506560,-2.22927,-1.96556,0.08703,-0.30748,0.95150,0.00829,0.00622,-0.00814,0.19758,0.13759,
1666362665595426816,-2.22885,-1.92525,0.11488,-0.30742,0.95152,0.00824,0.00609,-0.00544,0.19784,0.14155,
1666362665796748288,-2.22859,-1.88463,0.14261,-0.30747,0.95150,0.00823,0.00599,-0.00168,0.20165,0.14065,
1666362666000770048,-2.22793,-1.84182,0.16829,-0.30749,0.95150,0.00811,0.00614,0.00012,0.20211,0.13436,
1666362666192490496,-2.22804,-1.80250,0.19309,-0.30740,0.95153,0.00806,0.00615,-0.00120,0.20140,0.13596,
1666362666386911232,-2.22772,-1.76375,0.21537,-0.30760,0.95146,0.00793,0.00655,-0.00666,0.20224,0.12840,
1666362666565730304,-2.22939,-1.72919,0.24127,-0.30750,0.95149,0.00789,0.00648,-0.00665,0.20074,0.13537,
1666362666749949952,-2.23091,-1.69392,0.26710,-0.30756,0.95148,0.00787,0.00636,-0.00437,0.20412,0.13612,
1666362666929669120,-2.22845,-1.66001,0.28679,-0.30766,0.95144,0.00779,0.00649,0.00185,0.20046,0.13252,
1666362667120789504,-2.23147,-1.62298,0.31350,-0.30760,0.95146,0.00778,0.00648,-0.00941,0.20286,0.13350,
1666362667306209280,-2.23181,-1.58651,0.33779,-0.30752,0.95149,0.00772,0.00651,-0.00789,0.20374,0.13448,
1666362667495829504,-2.23147,-1.54816,0.36015,-0.30742,0.95152,0.00761,0.00667,-0.00395,0.20529,0.13429,
1666362667688450048,-2.23043,-1.50745,0.38628,-0.30732,0.95155,0.00746,0.00669,-0.00398,0.20754,0.13943,
1666362667864568832,-2.23198,-1.47707,0.40972,-0.30749,0.95150,0.00757,0.00670,-0.00269,0.20578,0.13498,
1666362668053889024,-2.22335,-1.44161,0.41882,-0.30777,0.95140,0.00742,0.00705,0.00156,0.20623,0.11710,
1666362668249209856,-2.23216,-1.40659,0.45552,-0.30762,0.95145,0.00758,0.00692,-0.00536,0.19282,0.13502,
1666362668450531328,-2.23122,-1.36619,0.47737,-0.30763,0.95145,0.00759,0.00695,-0.00435,0.19456,0.12737,
1666362668705558528,-2.23087,-1.31879,0.51253,-0.30754,0.95148,0.00750,0.00680,-0.00050,0.18712,0.13934,
1666362668998689792,-2.23474,-1.26507,0.55393,-0.30757,0.95147,0.00750,0.00675,-0.00403,0.19911,0.13388,
1666362669215912960,-2.23472,-1.22638,0.58187,-0.30767,0.95144,0.00766,0.00669,-0.00377,0.18977,0.13531,
1666362669396832256,-2.23574,-1.19011,0.60614,-0.30746,0.95151,0.00758,0.00657,-0.00061,0.19242,0.13582,
1666362669583152128,-2.23522,-1.16018,0.62365,-0.30779,0.95140,0.00777,0.00693,0.00386,0.19241,0.12197,
1666362669782073344,-2.23556,-1.11935,0.65012,-0.30774,0.95141,0.00767,0.00684,-0.00241,0.19316,0.12235,
1666362669986095104,-2.23785,-1.08289,0.67964,-0.30775,0.95141,0.00769,0.00685,-0.00156,0.15214,0.18271,
1666362670163414016,-2.24267,-1.05540,0.70832,-0.30796,0.95134,0.00782,0.00691,-0.00741,0.19096,0.12334,
1666362670353034240,-2.24169,-1.02079,0.73661,-0.30786,0.95137,0.00785,0.00693,-0.00255,0.18993,0.12791,
1666362670533953536,-2.24349,-0.99183,0.76407,-0.30787,0.95137,0.00795,0.00692,-0.00587,0.17114,0.14455,
1666362670713972736,-2.24186,-0.95611,0.79018,-0.30763,0.95145,0.00796,0.00671,-0.00303,0.15529,0.16502,
1666362670897892352,-2.24492,-0.92819,0.82062,-0.30772,0.95142,0.00803,0.00673,-0.00585,0.18336,0.13462,
1666362671090812928,-2.24599,-0.89156,0.85136,-0.30764,0.95145,0.00795,0.00658,-0.00675,0.18547,0.13743,
1666362671266331648,-2.24551,-0.86301,0.87858,-0.30767,0.95144,0.00800,0.00650,-0.00591,0.16510,0.16701,
1666362671459852288,-2.24621,-0.82840,0.90778,-0.30768,0.95143,0.00796,0.00645,-0.00588,0.14496,0.19450,
1666362671638671360,-2.24663,-0.79624,0.93296,-0.30761,0.95146,0.00798,0.00650,-0.00891,0.19386,0.12621,
1666362671824991232,-2.24443,-0.76268,0.95994,-0.30762,0.95146,0.00800,0.00631,-0.00443,0.18091,0.13431,
1666362672015211520,-2.24966,-0.73286,0.99430,-0.30763,0.95145,0.00800,0.00625,-0.01113,0.16804,0.15608,
1666362672197030912,-2.25111,-0.70206,1.02169,-0.30764,0.95145,0.00798,0.00616,-0.01183,0.15979,0.17437,
1666362672389051392,-2.24445,-0.66819,1.03609,-0.30768,0.95143,0.00787,0.00648,-0.00438,0.16011,0.16513,
1666362672569070592,-2.25257,-0.63976,1.07303,-0.30772,0.95142,0.00801,0.00623,-0.01302,0.18724,0.12860,
1666362672759590912,-2.25185,-0.60482,1.10302,-0.30758,0.95147,0.00799,0.00614,-0.00662,0.18984,0.13078,
1666362672968413184,-2.24758,-0.56620,1.12592,-0.30747,0.95150,0.00788,0.00623,-0.00072,0.18839,0.12775,
1666362673167934464,-2.24841,-0.52776,1.15790,-0.30738,0.95153,0.00784,0.00631,-0.00117,0.17420,0.14936,
1666362673368355840,-2.24900,-0.49309,1.18505,-0.30728,0.95156,0.00801,0.00646,-0.00108,0.15297,0.16897,
1666362673557676032,-2.25214,-0.45896,1.21449,-0.30730,0.95156,0.00799,0.00643,-0.00474,0.19853,0.11433,
1666362673753596928,-2.24960,-0.42402,1.24589,-0.30690,0.95169,0.00801,0.00617,-0.00073,0.19158,0.11655,
1666362673948617728,-2.24841,-0.38932,1.27355,-0.30681,0.95172,0.00796,0.00634,-0.00006,0.18752,0.12913,
1666362674153839616,-2.24455,-0.35935,1.29424,-0.30697,0.95166,0.00797,0.00652,0.00632,0.17948,0.12604,
1666362674344960000,-2.24659,-0.32618,1.32752,-0.30706,0.95163,0.00792,0.00636,0.00327,0.15419,0.16092,
1666362674539380736,-2.24717,-0.29213,1.35491,-0.30702,0.95165,0.00793,0.00643,0.00485,0.15064,0.16965,
1666362674738902016,-2.24399,-0.26014,1.36989,-0.30738,0.95153,0.00795,0.00682,0.00943,0.18434,0.10761,
1666362674938123264,-2.24802,-0.22208,1.40014,-0.30738,0.95153,0.00793,0.00680,0.00263,0.18635,0.11766,
1666362675133444096,-2.24306,-0.19460,1.41561,-0.30768,0.95143,0.00795,0.00706,0.00851,0.17983,0.11814,
1666362675323064320,-2.24804,-0.15774,1.44718,-0.30780,0.95139,0.00793,0.00705,-0.00061,0.18577,0.11809,
1666362675521085440,-2.24891,-0.12176,1.47111,-0.30789,0.95136,0.00793,0.00720,-0.00095,0.18895,0.12012,
1666362675717906432,-2.25369,-0.09128,1.50130,-0.30814,0.95128,0.00803,0.00712,-0.01332,0.17980,0.13190,
1666362675913527296,-2.25040,-0.05110,1.52021,-0.30807,0.95131,0.00774,0.00720,-0.00810,0.18674,0.11947,
1666362676124749824,-2.25037,-0.01510,1.54725,-0.30814,0.95128,0.00774,0.00729,-0.00914,0.19560,0.11025,
1666362676316470272,-2.24607,0.02461,1.56345,-0.30785,0.95138,0.00743,0.00730,-0.00045,0.19910,0.09235,
1666362676497089536,-2.25018,0.05643,1.59219,-0.30812,0.95129,0.00741,0.00715,-0.00463,0.18853,0.10420,
1666362676700511232,-2.25122,0.08880,1.61630,-0.30834,0.95122,0.00751,0.00717,-0.00574,0.17408,0.10950,
1666362676891631616,-2.25456,0.11053,1.64412,-0.30880,0.95107,0.00771,0.00713,-0.01001,0.14815,0.13096,
1666362677098953728,-2.25381,0.14550,1.66634,-0.30890,0.95104,0.00757,0.00706,-0.00162,0.14561,0.11913,
1666362677312276480,-2.25411,0.17786,1.69080,-0.30909,0.95098,0.00751,0.00710,-0.00338,0.13110,0.12448,
1666362677510297600,-2.24906,0.20749,1.70289,-0.30907,0.95099,0.00740,0.00717,0.00283,0.14574,0.09730,
1666362677707718656,-2.25391,0.23739,1.73202,-0.30947,0.95085,0.00755,0.00703,-0.00469,0.14003,0.10800,
1666362677906039808,-2.25367,0.26475,1.75262,-0.30963,0.95080,0.00756,0.00695,-0.00295,0.14406,0.09411,
1666362678104360960,-2.25110,0.29822,1.76796,-0.30942,0.95088,0.00738,0.00653,-0.00227,0.13781,0.07715,
1666362678290380800,-2.25451,0.32117,1.79071,-0.30962,0.95081,0.00734,0.00650,-0.00464,0.12677,0.08590,
1666362678477600768,-2.25466,0.34052,1.80845,-0.30980,0.95075,0.00737,0.00646,-0.00900,0.10988,0.09197,
1666362678689423360,-2.25591,0.36292,1.82344,-0.30989,0.95072,0.00736,0.00647,-0.00825,0.10956,0.07809,
1666362678894945280,-2.25730,0.37330,1.83608,-0.31034,0.95057,0.00746,0.00647,0.00049,0.09191,0.07923,
1666362679106767872,-2.25556,0.39277,1.84697,-0.31012,0.95065,0.00730,0.00649,0.00372,0.03449,0.12943,
1666362679324591104,-2.25588,0.40564,1.86094,-0.31084,0.95041,0.00731,0.00638,-0.00315,0.05940,0.06875,
1666362679522912256,-2.25572,0.41781,1.86788,-0.31089,0.95040,0.00727,0.00634,-0.00263,0.04843,0.05981,
1666362679705631744,-2.25552,0.42564,1.87077,-0.31020,0.95062,0.00723,0.00636,-0.00571,0.03949,0.04663,
1666362679882650624,-2.25025,0.42533,1.86949,-0.30912,0.95098,0.00730,0.00608,0.00476,0.01438,0.05818,
1666362680074371072,-2.24922,0.43355,1.87265,-0.30857,0.95116,0.00708,0.00625,0.00642,0.02894,0.02312,
1666362680261891072,-2.24927,0.43864,1.87627,-0.30814,0.95130,0.00711,0.00616,0.00527,0.02427,0.01567,
1666362680464412672,-2.24934,0.44133,1.87780,-0.30770,0.95144,0.00715,0.00610,0.00172,0.01761,0.01810,
1666362680652532736,-2.24992,0.44085,1.88168,-0.30736,0.95155,0.00719,0.00609,0.00089,0.00696,0.02293,
1666362680844253184,-2.25014,0.44118,1.88005,-0.30718,0.95160,0.00716,0.00618,0.00271,0.01254,0.00564,
1666362681047074816,-2.25024,0.44391,1.88019,-0.30690,0.95170,0.00713,0.00617,0.00678,0.01163,0.00140,
1666362681233694720,-2.25019,0.44480,1.87992,-0.30688,0.95170,0.00713,0.00617,0.00242,0.01101,0.00290,
1666362681415814144,-2.25070,0.44381,1.88443,-0.30676,0.95174,0.00719,0.00616,0.00329,0.01250,0.00586,
1666362681596133376,-2.25053,0.44520,1.88195,-0.30670,0.95176,0.00723,0.00623,0.00164,0.02079,-0.00404,
1666362681762351104,-2.25063,0.44662,1.88054,-0.30664,0.95178,0.00719,0.00626,-0.00054,0.02360,-0.00294,
1666362681934269440,-2.25082,0.44771,1.88028,-0.30667,0.95177,0.00712,0.00627,0.00072,0.02355,-0.00038,
1666362682125689856,-2.25139,0.44544,1.88550,-0.30668,0.95177,0.00717,0.00631,-0.00322,0.00440,0.02305,
1666362682298508288,-2.25130,0.44337,1.89066,-0.30692,0.95169,0.00725,0.00589,0.00757,0.01600,0.00001,
1666362682475827200,-2.24986,0.44715,1.88999,-0.30661,0.95177,0.01032,-0.00368,0.01322,-0.00062,0.01252,
1666362682700251136,-2.24260,0.44796,1.89039,-0.30661,0.95175,0.01129,-0.00647,0.05445,0.00505,0.00864,
1666362682907873280,-2.23274,0.44291,1.90116,-0.30712,0.95159,0.01108,-0.00504,0.08373,0.01635,0.04269,
1666362683098993664,-2.20621,0.44841,1.88767,-0.30688,0.95169,0.01031,-0.00244,0.12839,0.01144,-0.00757,
1666362683274812416,-2.18187,0.44799,1.88714,-0.30688,0.95170,0.00980,-0.00066,0.15527,0.01040,-0.01013,
1666362683459632128,-2.15308,0.44857,1.89047,-0.30679,0.95173,0.00939,0.00056,0.17276,0.00969,-0.00875,
1666362683652852736,-2.11401,0.44710,1.88771,-0.30671,0.95176,0.00905,0.00169,0.19395,0.01279,-0.01387,
1666362683846373376,-2.12504,0.29841,1.84518,-0.30853,0.95117,0.00937,-0.00159,0.13466,-0.11661,0.01924,
1666362684014091264,-2.04093,0.45778,1.88969,-0.30699,0.95167,0.00820,0.00334,0.21710,0.01755,-0.01042,
1666362684182409216,-2.00603,0.46220,1.89122,-0.30696,0.95168,0.00794,0.00381,0.21984,0.02067,-0.00649,
1666362684374729728,-1.99896,0.41474,1.92843,-0.30653,0.95183,0.00734,-0.00033,0.19247,-0.03115,0.06502,
1666362684551448576,-1.92951,0.47610,1.90293,-0.30661,0.95180,0.00729,0.00400,0.22050,0.02828,-0.00198,
1666362684729067520,-1.88967,0.47715,1.90015,-0.30662,0.95180,0.00727,0.00431,0.22733,0.02560,-0.00792,
1666362684897085440,-1.85360,0.47246,1.90403,-0.30657,0.95181,0.00729,0.00407,0.22918,0.01209,-0.00641,
1666362685078604800,-1.81502,0.47962,1.90992,-0.30660,0.95180,0.00707,0.00404,0.22978,0.01661,0.00109,
1666362685251723264,-1.77629,0.48187,1.91474,-0.30658,0.95181,0.00685,0.00400,0.22968,0.01433,0.00487,
1666362685434442752,-1.73280,0.46258,1.90998,-0.30675,0.95175,0.00763,0.00383,0.23606,-0.00977,-0.00403,
1666362685626463232,-1.68769,0.47552,1.91352,-0.30660,0.95180,0.00704,0.00394,0.23428,0.01301,0.00016,
1666362685809482752,-1.64589,0.47872,1.91589,-0.30662,0.95180,0.00690,0.00394,0.23683,0.01407,0.00356,
1666362685995502592,-1.60134,0.47945,1.91240,-0.30655,0.95182,0.00691,0.00397,0.24561,0.01808,-0.00643,
1666362686172221440,-1.56526,0.48899,1.92304,-0.30645,0.95186,0.00681,0.00376,0.24930,0.02566,0.00309,
1666362686358541312,-1.51669,0.48663,1.91482,-0.30649,0.95184,0.00683,0.00396,0.25013,0.01706,-0.00376,
1666362686529259520,-1.47767,0.48826,1.91155,-0.30643,0.95186,0.00688,0.00415,0.25095,0.01594,-0.00403,
1666362686711378944,-1.43930,0.48454,1.91539,-0.30636,0.95188,0.00721,0.00394,0.24590,0.00773,0.00095,
1666362686889297920,-1.40066,0.49752,1.91657,-0.30636,0.95188,0.00666,0.00399,0.24229,0.01986,-0.00771,
1666362687061216256,-1.36164,0.49890,1.91646,-0.30635,0.95189,0.00664,0.00402,0.24495,0.01587,-0.00649,
1666362687232834560,-1.33198,0.50861,1.93133,-0.30619,0.95194,0.00607,0.00384,0.23314,0.01689,0.01280,
1666362687429655552,-1.27625,0.49916,1.92060,-0.30637,0.95188,0.00637,0.00403,0.24287,0.00840,-0.00669,
1666362687623776256,-1.23314,0.50064,1.92157,-0.30619,0.95194,0.00640,0.00389,0.24319,0.01263,-0.00487,
1666362687789693952,-1.20724,0.49231,1.92884,-0.30637,0.95188,0.00676,0.00364,0.24031,-0.00026,0.00466,
1666362687960712192,-1.16465,0.49989,1.92775,-0.30631,0.95190,0.00640,0.00374,0.24294,0.00649,-0.00019,
1666362688143431680,-1.12444,0.49903,1.92753,-0.30627,0.95191,0.00657,0.00376,0.23534,0.00056,-0.00166,
1666362688330651648,-1.09005,0.50151,1.93889,-0.30609,0.95197,0.00662,0.00339,0.23345,-0.00036,0.00763,
1666362688526572544,-1.04207,0.50330,1.93277,-0.30616,0.95195,0.00646,0.00356,0.24039,0.00631,-0.00480,
1666362688711692288,-1.00229,0.51203,1.92862,-0.30621,0.95194,0.00637,0.00380,0.24180,0.01332,-0.00680,
1666362688883310592,-0.95904,0.51530,1.93038,-0.30620,0.95194,0.00650,0.00357,0.24304,0.01201,-0.00172,
1666362689064829952,-0.91800,0.52205,1.92978,-0.30630,0.95191,0.00634,0.00382,0.24338,0.01777,-0.00461,
1666362689234048000,-0.87498,0.52604,1.92840,-0.30635,0.95189,0.00626,0.00379,0.24470,0.01895,-0.00850,
1666362689419767808,-0.84824,0.52510,1.94047,-0.30644,0.95186,0.00657,0.00358,0.23726,0.01039,0.00602,
1666362689615088640,-0.80293,0.53025,1.93538,-0.30647,0.95185,0.00642,0.00389,0.23716,0.01332,-0.00361,
1666362689882117120,-0.74176,0.53449,1.93412,-0.30650,0.95184,0.00638,0.00395,0.23436,0.01763,-0.00751,
1666362690156946432,-0.68931,0.52717,1.93751,-0.30665,0.95179,0.00696,0.00391,0.23204,0.00113,-0.00297,
1666362690419774464,-0.62666,0.54133,1.93426,-0.30657,0.95182,0.00643,0.00405,0.23344,0.01023,-0.00550,
1666362690688003072,-0.56498,0.53762,1.93789,-0.30644,0.95186,0.00689,0.00380,0.23341,0.00865,-0.00244,
1666362690956831744,-0.50292,0.54352,1.93503,-0.30632,0.95190,0.00681,0.00389,0.23827,0.01085,-0.00514,
1666362691230460928,-0.44183,0.54787,1.93392,-0.30622,0.95193,0.00680,0.00391,0.23384,0.01435,-0.00626,
1666362691493889024,-0.38634,0.54147,1.93449,-0.30615,0.95195,0.00714,0.00367,0.23418,0.00584,-0.00187,
1666362691766618112,-0.32052,0.55322,1.93207,-0.30609,0.95197,0.00693,0.00388,0.23854,0.00926,-0.00341,
1666362692064549888,-0.26089,0.53268,1.93346,-0.30623,0.95192,0.00767,0.00351,0.23728,-0.01242,-0.00291,
1666362692333678592,-0.19053,0.53502,1.92687,-0.30611,0.95196,0.00745,0.00377,0.23488,0.00291,-0.00887,
1666362692601307136,-0.13381,0.53265,1.92351,-0.30611,0.95196,0.00770,0.00395,0.23056,0.00128,-0.01146,
1666362692869235712,-0.07290,0.52756,1.91789,-0.30625,0.95191,0.00790,0.00392,0.22767,-0.00493,-0.01741,
1666362693138064384,-0.01148,0.53085,1.91447,-0.30622,0.95192,0.00782,0.00418,0.23191,-0.00438,-0.01508,
1666362693406292992,-0.06542,0.49633,1.96936,-0.30718,0.95161,0.00855,0.00219,0.20537,-0.04590,0.04879,
1666362693680222208,0.10271,0.53486,1.94014,-0.30607,0.95197,0.00773,0.00337,0.23575,0.00112,0.00659,
1666362693949050880,0.16403,0.53333,1.92232,-0.30637,0.95187,0.00776,0.00380,0.23526,-0.00195,-0.00536,
1666362694216979456,0.22492,0.53199,1.91857,-0.30643,0.95185,0.00783,0.00394,0.23114,-0.00338,-0.00394,
1666362694479807488,0.28114,0.53284,1.91676,-0.30640,0.95186,0.00784,0.00405,0.22977,-0.00433,-0.00641,
1666362694748336128,0.33215,0.52688,1.89982,-0.30643,0.95185,0.00808,0.00441,0.21886,-0.00759,-0.00973,
1666362695016264704,0.39211,0.52864,1.89528,-0.30648,0.95183,0.00807,0.00461,0.21820,-0.00361,-0.01055,
1666362695283893248,0.29353,0.50136,1.96703,-0.30854,0.95116,0.00890,0.00368,0.17816,-0.04117,0.07192,
1666362695552121856,0.50790,0.52770,1.90478,-0.30659,0.95180,0.00797,0.00441,0.21841,-0.00284,0.00243,
1666362695820050432,0.57145,0.52453,1.90185,-0.30666,0.95177,0.00804,0.00435,0.21665,-0.04454,0.05737,
1666362696089179136,0.63369,0.51793,1.90418,-0.30672,0.95175,0.00812,0.00439,0.21642,-0.02855,0.03132,
1666362696357407744,0.68433,0.51097,1.91768,-0.30701,0.95166,0.00822,0.00395,0.22008,-0.03004,0.03438,
1666362696631036928,0.75448,0.50898,1.91357,-0.30680,0.95173,0.00824,0.00399,0.22477,-0.01658,0.00576,
1666362696894164992,0.80574,0.51089,1.93106,-0.30655,0.95181,0.00826,0.00388,0.22761,-0.01162,0.01573,
1666362697194797056,0.88403,0.50407,1.92290,-0.30653,0.95182,0.00838,0.00395,0.22760,-0.00857,-0.00590,
1666362697496929280,0.95524,0.49729,1.92150,-0.30651,0.95182,0.00855,0.00406,0.23047,-0.03951,0.03790,
1666362697765457920,1.01325,0.49057,1.92803,-0.30649,0.95182,0.00878,0.00405,0.23226,-0.03311,0.03599,
1666362698039087104,1.07470,0.49334,1.93330,-0.30629,0.95189,0.00873,0.00421,0.22476,-0.01082,0.01089,
1666362698307615744,1.12994,0.48201,1.94222,-0.30635,0.95187,0.00904,0.00396,0.22087,-0.01025,0.00418,
1666362698575244288,1.19420,0.48996,1.94454,-0.30630,0.95189,0.00880,0.00418,0.22199,0.00608,-0.00702,
1666362698838672384,1.25688,0.48572,1.94460,-0.30630,0.95189,0.00893,0.00419,0.21970,0.00609,-0.01015,
1666362699106600960,1.30412,0.48019,1.96234,-0.30643,0.95184,0.00909,0.00386,0.21558,0.00005,0.00645,
1666362699374829568,1.36909,0.48015,1.94964,-0.30661,0.95178,0.00915,0.00425,0.21160,-0.01995,0.02002,
1666362699643958272,1.43330,0.47607,1.95282,-0.30656,0.95180,0.00914,0.00425,0.21606,-0.04237,0.04980,
1666362699917887488,1.49579,0.47239,1.96018,-0.30660,0.95179,0.00917,0.00426,0.21472,-0.02391,0.01959,
1666362700179815424,1.55357,0.46762,1.95797,-0.30669,0.95175,0.00925,0.00446,0.21887,-0.01842,0.00351,
1666362700454044672,1.61675,0.46506,1.96299,-0.30680,0.95172,0.00914,0.00444,0.21908,-0.01007,-0.00845,
1666362700717472768,1.67428,0.46064,1.95765,-0.30689,0.95169,0.00931,0.00457,0.21746,-0.00373,-0.02935,
1666362700984801280,1.74164,0.44539,1.95131,-0.30674,0.95173,0.00958,0.00455,0.22084,-0.01985,-0.00350,
1666362701253029888,1.79967,0.44658,1.94347,-0.30693,0.95167,0.00951,0.00492,0.21751,-0.00822,-0.02168,
1666362701520958464,1.85981,0.44573,1.93818,-0.30694,0.95167,0.00964,0.00518,0.21396,-0.05199,0.03253,
1666362701789487104,1.92061,0.44247,1.93618,-0.30698,0.95165,0.00965,0.00536,0.20662,-0.01161,-0.03097,
1666362702057415680,1.60016,0.47066,2.03779,-0.31121,0.95027,0.00964,0.00562,0.14844,-0.02338,0.07959,
1666362702325344256,2.03760,0.45131,1.93801,-0.30678,0.95172,0.00941,0.00592,0.19462,-0.00413,-0.01323,
1666362702598973440,2.09266,0.45280,1.92848,-0.30676,0.95172,0.00938,0.00623,0.18475,0.00237,-0.02467,
1666362702867502080,2.14912,0.44993,1.93577,-0.30683,0.95170,0.00937,0.00639,0.17645,-0.00661,-0.00762,
1666362703134230528,2.20053,0.45110,1.93419,-0.30686,0.95168,0.00929,0.00669,0.16492,-0.04582,0.04606,
1666362703398258688,2.25433,0.44610,1.94607,-0.30732,0.95154,0.00929,0.00683,0.16299,-0.01400,0.00224,
1666362703665887232,2.30166,0.44667,1.94869,-0.30740,0.95151,0.00925,0.00713,0.15545,-0.04828,0.05006,
1666362703934715904,2.34617,0.44444,1.95145,-0.30745,0.95149,0.00922,0.00734,0.14516,-0.00808,-0.01331,
1666362704202644480,2.33738,0.41166,1.95775,-0.30802,0.95130,0.01017,0.00750,0.12529,-0.04908,-0.00142,
1666362704471173120,2.43385,0.44229,1.94692,-0.30729,0.95154,0.00926,0.00791,0.11346,-0.00874,-0.01320,
1666362704739701760,2.47553,0.43622,1.94841,-0.30726,0.95154,0.00958,0.00781,0.09689,-0.01426,-0.00666,
1666362705008230400,2.50532,0.43932,1.94710,-0.30718,0.95157,0.00949,0.00777,0.07903,-0.03393,0.02075,
1666362705276759040,2.53560,0.43943,1.94577,-0.30713,0.95158,0.00928,0.00892,0.06949,0.01033,-0.04368,
1666362705544387584,2.55701,0.43976,1.94717,-0.30728,0.95153,0.00950,0.00859,0.05178,0.00593,-0.03275,
1666362705818016768,2.57012,0.43868,1.94732,-0.30721,0.95156,0.01000,0.00751,0.03272,-0.03026,0.01849,
1666362706080844800,2.57821,0.43811,1.94747,-0.30725,0.95155,0.01023,0.00703,0.01448,-0.00443,-0.01909,
1666362706349373440,2.58699,0.44028,1.94750,-0.30731,0.95153,0.01034,0.00649,0.01481,-0.00748,-0.01601,
1666362706617602048,2.59344,0.43798,1.94803,-0.30744,0.95149,0.01049,0.00620,0.00652,-0.01620,-0.00713,
1666362706885830656,2.60572,0.44116,1.94894,-0.30718,0.95158,0.01045,0.00594,0.00369,0.00013,-0.00871,
1666362707154959360,2.61018,0.43794,1.94417,-0.30704,0.95162,0.01057,0.00570,-0.00405,-0.00535,-0.00695,
1666362707428288512,2.61118,0.43606,1.94635,-0.30706,0.95161,0.01059,0.00565,-0.00506,-0.00504,-0.00535,
1666362707690816512,2.61149,0.43822,1.94517,-0.30699,0.95164,0.01061,0.00552,-0.00176,-0.00424,-0.00112,
1666362707959045120,2.61100,0.43938,1.94342,-0.30698,0.95164,0.01064,0.00559,0.00197,-0.02548,0.02427,
1666362708227873792,2.61071,0.43898,1.94394,-0.30698,0.95164,0.01066,0.00553,0.00087,0.01168,-0.02460,
1666362708495202304,2.61062,0.43838,1.94336,-0.32002,0.94733,0.01089,0.00541,-0.00205,-0.02823,-0.01900,
1666362708763130880,2.61248,0.42328,1.93680,-0.32111,0.94696,0.01093,0.00539,-0.00267,-0.10724,-0.01908,
1666362709030759424,2.60919,0.39936,1.92912,-0.31757,0.94816,0.01065,0.00546,-0.01055,-0.16327,-0.02148,
1666362709298688000,2.62527,0.35089,1.89446,-0.31308,0.94966,0.01058,0.00460,-0.01101,-0.20227,-0.04880,
1666362709567216640,2.62292,0.30240,1.85969,-0.30978,0.95074,0.01042,0.00419,-0.01458,-0.22346,-0.06381,
1666362709834545152,2.60413,0.26873,1.80291,-0.30649,0.95181,0.01003,0.00470,0.00180,-0.20480,-0.10820,
1666362710102473728,2.61686,0.19243,1.78480,-0.30528,0.95221,0.00998,0.00328,-0.01269,-0.23780,-0.09273,
1666362710370702336,2.60592,0.14254,1.73365,-0.30383,0.95267,0.00969,0.00333,-0.00850,-0.23440,-0.12895,
1666362710644931584,2.60186,0.07452,1.69809,-0.30346,0.95279,0.00981,0.00312,-0.00729,-0.24662,-0.13902,
1666362710910759936,2.59842,0.02336,1.64058,-0.30302,0.95293,0.00970,0.00353,-0.00573,-0.24038,-0.16455,
1666362711174788096,2.59555,-0.03797,1.59381,-0.30301,0.95293,0.00974,0.00342,-0.01120,-0.24267,-0.17059,
1666362711442716672,2.59206,-0.10166,1.54545,-0.30283,0.95299,0.00976,0.00360,-0.01593,-0.24302,-0.17841,
1666362711710645248,2.59835,-0.14511,1.48369,-0.30279,0.95300,0.00952,0.00423,-0.00567,-0.23198,-0.19239,
1666362711979473920,2.59517,-0.21917,1.44297,-0.30264,0.95305,0.00967,0.00382,-0.00662,-0.24212,-0.18152,
1666362712246802432,2.59523,-0.28451,1.39369,-0.30254,0.95308,0.00981,0.00402,-0.01177,-0.24541,-0.18174,
1666362712520431616,2.58683,-0.35620,1.34493,-0.30247,0.95310,0.00985,0.00411,-0.01623,-0.25130,-0.18589,
1666362712788660224,2.58304,-0.41962,1.30056,-0.30244,0.95311,0.00986,0.00408,-0.01354,-0.25545,-0.18696,
1666362713084191744,2.58401,-0.47759,1.24896,-0.30239,0.95312,0.00985,0.00437,-0.01724,-0.24519,-0.18703,
1666362713353320448,2.58351,-0.54517,1.20868,-0.30226,0.95316,0.00989,0.00413,-0.01711,-0.25139,-0.18046,
1666362713621249024,2.59166,-0.59832,1.17130,-0.30226,0.95316,0.01014,0.00419,-0.00988,-0.23858,-0.17774,
1666362713888577536,2.58550,-0.66003,1.12985,-0.30235,0.95313,0.01012,0.00420,-0.01269,-0.23978,-0.17511,
1666362714191009792,2.59384,-0.72197,1.07975,-0.30203,0.95323,0.01015,0.00422,-0.01153,-0.23291,-0.17052,
1666362714459238400,2.58708,-0.78995,1.04103,-0.30196,0.95326,0.01031,0.00402,-0.01742,-0.29966,-0.08374,
1666362714726866944,2.59282,-0.84687,1.00627,-0.30155,0.95339,0.01024,0.00395,-0.01140,-0.29923,-0.07536,
1666362714993895424,2.58630,-0.91386,0.98795,-0.30154,0.95339,0.01034,0.00355,-0.01808,-0.25740,-0.12514,
1666362715259123712,2.59102,-0.95855,0.95631,-0.30205,0.95322,0.01065,0.00423,-0.01898,-0.22761,-0.15722,
1666362715527652352,2.57899,-1.03403,0.91923,-0.30178,0.95331,0.01093,0.00371,-0.02157,-0.26315,-0.10248,
1666362715796180992,2.58113,-1.09175,0.87097,-0.30163,0.95335,0.01109,0.00398,-0.01903,-0.21254,-0.17003,
1666362716063809536,2.57948,-1.15763,0.83667,-0.30105,0.95354,0.01108,0.00334,-0.01246,-0.21411,-0.16415,
1666362716331138048,2.58285,-1.21691,0.79906,-0.30078,0.95362,0.01109,0.00325,-0.00525,-0.22412,-0.16086,
1666362716599366656,2.57985,-1.29059,0.75632,-0.30053,0.95370,0.01156,0.00264,-0.00496,-0.22760,-0.16103,
1666362716867595264,2.59120,-1.32515,0.71337,-0.30032,0.95376,0.01152,0.00365,0.00281,-0.20717,-0.17531,
1666362717141224448,2.59202,-1.38981,0.66150,-0.29959,0.95399,0.01174,0.00371,-0.00215,-0.20443,-0.17950,
1666362717403752448,2.59632,-1.43077,0.63046,-0.29906,0.95416,0.01148,0.00383,0.00073,-0.19008,-0.16893,
1666362717671981056,2.59827,-1.47880,0.59244,-0.29830,0.95440,0.01146,0.00389,0.00448,-0.17753,-0.16314,
1666362717939909632,2.60521,-1.52503,0.55681,-0.29742,0.95467,0.01150,0.00398,0.00653,-0.18198,-0.13714,
1666362718209038336,2.60685,-1.56486,0.52758,-0.29667,0.95490,0.01138,0.00380,0.00238,-0.14784,-0.15954,
1666362718482067456,2.59780,-1.61989,0.50317,-0.29491,0.95545,0.01165,0.00243,-0.00537,-0.14016,-0.13840,
1666362718744595456,2.61269,-1.62699,0.47755,-0.29491,0.95546,0.01113,0.00314,0.00246,-0.13623,-0.08733,
1666362719012224000,2.60957,-1.64846,0.46266,-0.29280,0.95611,0.01091,0.00282,-0.00808,-0.07569,-0.11933,
1666362719280152576,2.60548,-1.65543,0.45960,-0.29245,0.95622,0.01045,0.00164,-0.01713,-0.04499,-0.11031,
1666362719548381184,2.60112,-1.66002,0.46522,-0.29201,0.95636,0.01003,0.00009,-0.02272,-0.02763,-0.08883,
1666362719821710336,2.59424,-1.66594,0.47883,-0.29117,0.95662,0.00957,-0.00206,-0.02652,-0.01330,-0.08020,
1666362720084838400,2.59140,-1.66606,0.48624,-0.28981,0.95703,0.00895,-0.00422,-0.01554,-0.00703,-0.06141,
1666362720353067008,2.59023,-1.66745,0.48622,-0.28929,0.95719,0.00866,-0.00540,-0.01594,-0.00975,-0.04041,
1666362720620695552,2.58762,-1.67135,0.49592,-0.28852,0.95742,0.00834,-0.00640,-0.01885,-0.01386,-0.02071,
1666362720888624128,2.58519,-1.66949,0.50225,-0.28847,0.95743,0.00813,-0.00729,-0.01744,-0.00542,-0.01070,
1666362721194956800,2.58438,-1.66792,0.51272,-0.28806,0.95755,0.00805,-0.00747,-0.01122,-0.01318,-0.01130,
1666362721463485440,2.58624,-1.67165,0.51875,-0.30261,0.95304,0.00752,-0.00886,-0.00757,-0.04667,0.01226,
1666362721727213568,2.58404,-1.69517,0.50952,-0.30409,0.95257,0.00767,-0.00859,-0.00799,-0.13193,0.01112,
1666362721995442176,2.59017,-1.76344,0.48370,-0.29967,0.95397,0.00825,-0.00841,0.00585,-0.20741,-0.01560,
1666362722263370752,2.58134,-1.79827,0.46787,-0.29554,0.95526,0.00806,-0.00812,-0.00728,-0.24832,-0.02401,
1666362722532199424,2.58040,-1.85307,0.43430,-0.29246,0.95621,0.00826,-0.00760,-0.00720,-0.26870,-0.04143,
1666362722805528576,2.58144,-1.92018,0.39543,-0.28940,0.95714,0.00849,-0.00747,-0.00885,-0.27579,-0.07539,
1666362723068356608,2.57945,-1.98218,0.36258,-0.28830,0.95747,0.00869,-0.00740,-0.00568,-0.28961,-0.09664,
1666362723337185280,2.58113,-2.03345,0.30815,-0.28685,0.95791,0.00879,-0.00633,-0.00355,-0.27838,-0.13253,
1666362723606013952,2.58514,-2.09648,0.26180,-0.28632,0.95807,0.00884,-0.00610,0.00498,-0.27374,-0.15077,
1666362723874842624,2.58675,-2.16468,0.21650,-0.28605,0.95815,0.00898,-0.00597,0.00615,-0.27306,-0.16174,
1666362724143671296,2.58764,-2.23423,0.16513,-0.28572,0.95825,0.00908,-0.00570,0.00526,-0.27645,-0.16703,
1666362724412499968,2.59293,-2.29166,0.11321,-0.28565,0.95828,0.00894,-0.00505,0.00247,-0.26317,-0.17693,
1666362724680728576,2.59505,-2.36186,0.06382,-0.28545,0.95834,0.00907,-0.00484,0.00129,-0.26912,-0.17235,
1666362724948957184,2.59523,-2.42882,0.01448,-0.28536,0.95837,0.00907,-0.00451,-0.00252,-0.26900,-0.17581,
1666362725217485824,2.59460,-2.49889,-0.03533,-0.28521,0.95841,0.00919,-0.00422,-0.00704,-0.26799,-0.17656,
1666362725486014464,2.59629,-2.56807,-0.08196,-0.28521,0.95841,0.00926,-0.00422,-0.00516,-0.26524,-0.17569,
1666362725754543104,2.59136,-2.64453,-0.12927,-0.28507,0.95845,0.00956,-0.00437,-0.01316,-0.26509,-0.17421,
1666362726022771712,2.59824,-2.70880,-0.17731,-0.28500,0.95847,0.00932,-0.00415,-0.00855,-0.26246,-0.17836,
1666362726291900416,2.58968,-2.77978,-0.22466,-0.28482,0.95852,0.00943,-0.00446,-0.01502,-0.26619,-0.17464,
1666362726559228928,2.59658,-2.83871,-0.27586,-0.28483,0.95853,0.00916,-0.00393,-0.01381,-0.25703,-0.18120,
1666362726826857472,2.59385,-2.91002,-0.30652,-0.28454,0.95861,0.00927,-0.00418,-0.01070,-0.32162,-0.07006,
1666362727094786048,2.59846,-2.98543,-0.34711,-0.28463,0.95859,0.00925,-0.00402,-0.00665,-0.28470,-0.13063,
1666362727363914752,2.58789,-3.06311,-0.35814,-0.28480,0.95852,0.00977,-0.00467,-0.01017,-0.27246,-0.14079,
1666362727699350528,2.60358,-3.13606,-0.42423,-0.28459,0.95859,0.00958,-0.00432,0.00878,-0.24984,-0.17129,
1666362727968479232,2.60518,-3.20897,-0.46723,-0.28413,0.95873,0.00968,-0.00452,0.01212,-0.25295,-0.16781,
1666362728236107776,2.60854,-3.26901,-0.51170,-0.28377,0.95884,0.00954,-0.00446,0.00928,-0.24123,-0.17311,
1666362728504936448,2.60988,-3.34190,-0.55700,-0.28332,0.95897,0.00974,-0.00441,0.01058,-0.24081,-0.17769,
1666362728777965568,2.61152,-3.40230,-0.60272,-0.28275,0.95914,0.00967,-0.00428,0.00314,-0.22766,-0.17739,
1666362729041993728,2.61301,-3.46494,-0.64628,-0.28227,0.95928,0.00989,-0.00405,0.00131,-0.21978,-0.16527,
1666362729308722176,2.61740,-3.52542,-0.68863,-0.28148,0.95951,0.01001,-0.00398,0.00245,-0.20336,-0.16354,
1666362729577250816,2.61530,-3.57872,-0.72504,-0.28052,0.95979,0.01005,-0.00367,-0.00090,-0.20328,-0.12315,
1666362729844879360,2.61643,-3.62682,-0.75329,-0.27947,0.96010,0.00982,-0.00386,-0.00002,-0.15774,-0.14890,
1666362730113408000,2.62090,-3.66990,-0.78776,-0.27835,0.96042,0.00976,-0.00388,-0.00083,-0.13360,-0.13757,
1666362730381636608,2.62290,-3.70696,-0.81290,-0.27764,0.96063,0.00977,-0.00409,-0.00178,-0.10788,-0.12389,
1666362730649565184,2.62264,-3.73882,-0.82800,-0.27648,0.96096,0.00977,-0.00405,-0.00801,-0.09134,-0.09322,
1666362730917793792,2.62497,-3.76519,-0.83947,-0.27694,0.96083,0.00971,-0.00448,-0.00600,-0.05828,-0.07968,
1666362731219325952,2.62339,-3.78279,-0.85379,-0.27850,0.96038,0.00970,-0.00460,-0.01048,-0.03314,-0.06868,
1666362731488454656,2.62222,-3.79157,-0.85739,-0.27829,0.96044,0.00966,-0.00498,-0.00455,-0.01929,-0.04978,
1666362731762083840,2.62094,-3.79876,-0.84999,-0.27972,0.96002,0.00964,-0.00517,-0.00937,-0.01828,-0.00919,
1666362732024611840,2.62029,-3.80135,-0.85127,-0.28113,0.95961,0.00960,-0.00534,-0.01068,-0.00660,-0.01250,
1666362732292840448,2.62578,-3.80099,-0.86361,-0.27991,0.95996,0.00971,-0.00478,-0.00170,-0.00086,-0.01946,
1666362732561069056,2.61726,-3.80556,-0.85464,-0.28174,0.95943,0.00554,0.00877,-0.04193,0.00213,0.00560,
1666362732829297664,2.59873,-3.81063,-0.85529,-0.28246,0.95923,0.00583,0.00841,-0.10944,-0.00406,0.01160,
1666362733097226240,2.55819,-3.77303,-0.85424,-0.28287,0.95913,0.00583,0.00436,-0.15669,0.02648,-0.00914,
1666362733371155456,2.51276,-3.81200,-0.85355,-0.28238,0.95927,0.00777,0.00153,-0.20612,-0.00745,0.00932,
1666362733639084032,2.45403,-3.81032,-0.85522,-0.28228,0.95930,0.00848,-0.00076,-0.23810,-0.01031,0.00748,
1666362733902512128,2.39027,-3.81392,-0.85752,-0.28199,0.95937,0.00885,-0.00263,-0.25699,-0.00459,0.00652,
1666362734171340800,2.32284,-3.81890,-0.85944,-0.28223,0.95930,0.00913,-0.00356,-0.27208,-0.01395,0.00910,
1666362734439569408,2.25113,-3.81116,-0.86405,-0.28162,0.95947,0.00876,-0.00465,-0.28462,0.00118,0.00637,
1666362734707798016,2.18377,-3.82548,-0.86433,-0.28190,0.95939,0.00910,-0.00539,-0.28106,-0.01671,0.00510,
1666362734975426560,2.12152,-3.82007,-0.87763,-0.28180,0.95942,0.00906,-0.00540,-0.27674,-0.01312,-0.01204,
1666362735249655808,2.05599,-3.82396,-0.86671,-0.28181,0.95941,0.00900,-0.00594,-0.26044,-0.01905,-0.00322,
1666362735517884416,1.99693,-3.82692,-0.86995,-0.28172,0.95944,0.00880,-0.00596,-0.25457,-0.01861,-0.00300,
1666362735781312512,1.93346,-3.83179,-0.87311,-0.28195,0.95937,0.00881,-0.00616,-0.24641,-0.02100,-0.00660,
1666362736049241088,1.85988,-3.84179,-0.87511,-0.28205,0.95933,0.00924,-0.00630,-0.25231,-0.02498,-0.00367,
1666362736317469696,1.79155,-3.83649,-0.87493,-0.28164,0.95946,0.00903,-0.00629,-0.24888,-0.01248,0.00307,
1666362736586298368,1.72369,-3.84962,-0.87814,-0.28174,0.95943,0.00926,-0.00640,-0.24470,-0.02170,0.00144,
1666362736859927552,1.67222,-3.80256,-0.90528,-0.28178,0.95943,0.00841,-0.00470,-0.24639,0.02363,-0.02696,
1666362737128156160,1.58133,-3.84177,-0.88246,-0.28182,0.95940,0.00896,-0.00625,-0.25683,-0.01062,-0.00265,
1666362737396384768,1.51049,-3.83355,-0.88987,-0.28179,0.95942,0.00889,-0.00600,-0.25494,-0.00331,-0.01195,
1666362737658912768,1.43882,-3.83285,-0.88874,-0.28195,0.95937,0.00888,-0.00604,-0.25611,-0.00687,-0.00950,
1666362737928041472,1.36866,-3.83994,-0.89386,-0.28222,0.95929,0.00921,-0.00579,-0.25912,-0.01232,-0.01266,
1666362738230173696,1.29208,-3.84082,-0.89452,-0.28233,0.95926,0.00899,-0.00586,-0.25888,-0.01728,-0.00686,
1666362738499302400,1.22302,-3.84738,-0.89740,-0.28247,0.95922,0.00901,-0.00585,-0.25682,-0.02607,-0.01155,
1666362738766330880,1.16113,-3.85420,-0.90701,-0.28247,0.95922,0.00883,-0.00573,-0.25440,-0.02937,-0.01935,
1666362739033959424,1.08588,-3.84707,-0.90608,-0.28231,0.95927,0.00873,-0.00568,-0.25574,-0.01139,-0.01253,
1666362739302188032,1.01597,-3.85285,-0.90816,-0.28237,0.95925,0.00893,-0.00554,-0.25677,-0.01203,-0.00527,
1666362739570716672,0.94852,-3.85518,-0.90889,-0.28240,0.95924,0.00887,-0.00559,-0.25601,-0.01746,-0.00582,
1666362739838945280,0.87839,-3.85993,-0.91265,-0.28227,0.95928,0.00914,-0.00548,-0.25873,-0.01617,-0.00958,
1666362740140177408,0.80005,-3.86413,-0.90978,-0.28229,0.95927,0.00933,-0.00569,-0.25976,-0.01935,-0.00594,
1666362740407805952,0.73016,-3.85281,-0.90175,-0.28234,0.95926,0.00880,-0.00596,-0.25511,-0.01439,0.00163,
1666362740676034560,0.66130,-3.85585,-0.90119,-0.28231,0.95926,0.00882,-0.00606,-0.25562,-0.01405,0.00193,
1666362740944263168,0.59318,-3.86017,-0.90016,-0.28230,0.95927,0.00889,-0.00596,-0.25296,-0.01778,0.00705,
1666362741212491776,0.52881,-3.85520,-0.89898,-0.28241,0.95923,0.00883,-0.00621,-0.25252,-0.01518,0.00431,
1666362741486120960,0.46885,-3.86121,-0.90888,-0.28264,0.95917,0.00897,-0.00603,-0.24872,-0.01660,-0.00130,
1666362741748648960,0.40663,-3.86113,-0.91361,-0.28274,0.95914,0.00906,-0.00583,-0.25716,-0.00804,-0.00362,
1666362742016877568,0.33054,-3.86944,-0.91548,-0.28281,0.95911,0.00926,-0.00583,-0.25754,-0.01045,0.00104,
1666362742284506112,0.26525,-3.86990,-0.91268,-0.28296,0.95907,0.00915,-0.00606,-0.24664,-0.00656,0.00287,
1666362742558435328,0.19426,-3.87299,-0.91322,-0.28288,0.95909,0.00920,-0.00616,-0.24594,-0.00716,0.00574,
1666362742821563392,0.12920,-3.87194,-0.91328,-0.28278,0.95912,0.00920,-0.00608,-0.24831,-0.00703,0.00497,
1666362743089191936,0.06239,-3.87363,-0.91394,-0.28279,0.95912,0.00925,-0.00604,-0.24758,-0.00493,0.00177,
1666362743357720576,-0.00267,-3.87330,-0.91818,-0.28272,0.95914,0.00934,-0.00593,-0.24173,-0.00315,-0.00550,
1666362743626249216,-0.07253,-3.87420,-0.91802,-0.28282,0.95911,0.00932,-0.00617,-0.24851,-0.00506,0.00032,
1666362743894777856,-0.13900,-3.87341,-0.91938,-0.28282,0.95911,0.00929,-0.00619,-0.24836,-0.00361,-0.00526,
1666362744163006464,-0.20193,-3.87200,-0.92010,-0.28284,0.95910,0.00922,-0.00630,-0.24298,-0.00593,-0.00035,
1666362744436935680,-0.26467,-3.87201,-0.92064,-0.28281,0.95911,0.00929,-0.00637,-0.23817,-0.04580,0.05472,
1666362744699463680,-0.32988,-3.88032,-0.91632,-0.28286,0.95910,0.00939,-0.00611,-0.24263,-0.05877,0.06962,
1666362744968292352,-0.39691,-3.88369,-0.91053,-0.28285,0.95910,0.00927,-0.00607,-0.24574,-0.05374,0.06192,
1666362745237421056,-0.46345,-3.88932,-0.90782,-0.28282,0.95911,0.00922,-0.00573,-0.24710,-0.04692,0.05261,
1666362745505049600,-0.53208,-3.89656,-0.90243,-0.28286,0.95910,0.00932,-0.00574,-0.24980,-0.03345,0.02956,
1666362745773578240,-0.59789,-3.89542,-0.89752,-0.28287,0.95910,0.00914,-0.00547,-0.24929,-0.02520,0.03056,
1666362746042406912,-0.66345,-3.89399,-0.89128,-0.28283,0.95911,0.00893,-0.00549,-0.24716,-0.01403,0.01343,
1666362746349639680,-0.73821,-3.89203,-0.88694,-0.28272,0.95915,0.00869,-0.00528,-0.24499,0.00162,0.00547,
1666362746612167680,-0.80095,-3.88929,-0.88147,-0.28265,0.95917,0.00853,-0.00537,-0.24997,0.00955,0.00057,
1666362746880396288,-0.85818,-3.88268,-0.87868,-0.28255,0.95920,0.00834,-0.00511,-0.24753,0.01572,-0.00978,
1666362747148624896,-0.92433,-3.88850,-0.87209,-0.28238,0.95925,0.00840,-0.00546,-0.24882,0.01010,-0.00929,
1666362747416253440,-0.98669,-3.89210,-0.86931,-0.28228,0.95928,0.00841,-0.00541,-0.24014,-0.02442,0.03159,
1666362747689282560,-1.05084,-3.89700,-0.86082,-0.28254,0.95920,0.00834,-0.00553,-0.23755,-0.04585,0.07005,
1666362747951810560,-1.11182,-3.89490,-0.85545,-0.28250,0.95922,0.00827,-0.00562,-0.23426,-0.02242,0.03564,
1666362748220339200,-1.17230,-3.89087,-0.85893,-0.28226,0.95929,0.00826,-0.00561,-0.22920,0.00911,-0.01429,
1666362748488567808,-1.23831,-3.89265,-0.85915,-0.28230,0.95927,0.00848,-0.00586,-0.23018,-0.01627,0.02170,
1666362748755896320,-1.29967,-3.89345,-0.85862,-0.28225,0.95928,0.00851,-0.00610,-0.23006,-0.00015,-0.00235,
1666362749023524864,-1.35734,-3.90281,-0.85621,-0.28244,0.95922,0.00889,-0.00627,-0.23102,-0.00984,0.00534,
1666362749290853376,-1.41187,-3.90163,-0.85711,-0.28241,0.95923,0.00895,-0.00656,-0.22580,-0.01586,0.01511,
1666362749559382016,-1.47268,-3.90724,-0.85550,-0.28256,0.95918,0.00912,-0.00690,-0.21671,0.00130,-0.00712,
